RunIndex,Algorithm,DataSet,Run,RunTime,WithinClusterSS,CorrectedRandIndex
Run2,Kmtd,Frogs_MFCCs(10).csv,1,0.485000,1313.881940,0.483856
Run2,Kmtd,Frogs_MFCCs(10).csv,2,0.181000,1469.722141,0.455296
Run2,Kmtd,Frogs_MFCCs(10).csv,3,0.238000,1295.943472,0.666329
Run2,Kmtd,Frogs_MFCCs(10).csv,4,0.272000,1644.622618,0.230765
Run2,Kmtd,Frogs_MFCCs(10).csv,5,0.252000,1466.666845,0.432925
Run2,Kmtd,Frogs_MFCCs(10).csv,6,0.543000,1672.530114,0.648579
Run2,Kmtd,Frogs_MFCCs(10).csv,7,0.534000,1534.730864,0.387547
Run2,Kmtd,Frogs_MFCCs(10).csv,8,0.233000,1332.911351,0.534605
Run2,Kmtd,Frogs_MFCCs(10).csv,9,0.427000,1361.874270,0.494384
Run2,Kmtd,Frogs_MFCCs(10).csv,10,0.248000,1323.910286,0.490164
Run1,Kmtd,Frogs_MFCCs(10).csv,1,0.541000,1321.566007,0.482041
Run1,Kmtd,Frogs_MFCCs(10).csv,2,0.233000,1488.747542,0.451238
Run1,Kmtd,Frogs_MFCCs(10).csv,3,0.204000,1301.061304,0.671222
Run1,Kmtd,Frogs_MFCCs(10).csv,4,0.275000,1663.393985,0.229347
Run1,Kmtd,Frogs_MFCCs(10).csv,5,0.231000,1486.145037,0.436980
Run1,Kmtd,Frogs_MFCCs(10).csv,6,0.568000,1677.016546,0.649485
Run1,Kmtd,Frogs_MFCCs(10).csv,7,0.332000,1544.425649,0.389909
Run1,Kmtd,Frogs_MFCCs(10).csv,8,0.323000,1349.141729,0.534693
Run1,Kmtd,Frogs_MFCCs(10).csv,9,0.701000,1378.110518,0.486481
Run1,Kmtd,Frogs_MFCCs(10).csv,10,0.397000,1331.559940,0.491087
Run3,Kmtd,Frogs_MFCCs(10).csv,1,0.262000,1310.309128,0.484678
Run3,Kmtd,Frogs_MFCCs(10).csv,2,0.179000,1457.956793,0.460611
Run3,Kmtd,Frogs_MFCCs(10).csv,3,0.209000,1291.904463,0.665349
Run3,Kmtd,Frogs_MFCCs(10).csv,4,0.199000,1633.831775,0.232915
Run3,Kmtd,Frogs_MFCCs(10).csv,5,0.209000,1454.464798,0.430401
Run3,Kmtd,Frogs_MFCCs(10).csv,6,0.545000,1672.864471,0.645808
Run3,Kmtd,Frogs_MFCCs(10).csv,7,0.385000,1527.928112,0.387272
Run3,Kmtd,Frogs_MFCCs(10).csv,8,0.220000,1325.709445,0.534839
Run3,Kmtd,Frogs_MFCCs(10).csv,9,0.327000,1347.815219,0.500311
Run3,Kmtd,Frogs_MFCCs(10).csv,10,0.195000,1318.809943,0.490199
Run4,Kmtd,Frogs_MFCCs(10).csv,1,0.245000,1306.818117,0.485309
Run4,Kmtd,Frogs_MFCCs(10).csv,2,0.173000,1450.250123,0.463209
Run4,Kmtd,Frogs_MFCCs(10).csv,3,0.208000,1287.976390,0.665952
Run4,Kmtd,Frogs_MFCCs(10).csv,4,0.183000,1628.919458,0.234049
Run4,Kmtd,Frogs_MFCCs(10).csv,5,0.176000,1447.676568,0.428246
Run4,Kmtd,Frogs_MFCCs(10).csv,6,0.513000,1670.512764,0.645901
Run4,Kmtd,Frogs_MFCCs(10).csv,7,0.295000,1520.294431,0.386813
Run4,Kmtd,Frogs_MFCCs(10).csv,8,0.175000,1317.419766,0.534361
Run4,Kmtd,Frogs_MFCCs(10).csv,9,0.268000,1339.768588,0.503619
Run4,Kmtd,Frogs_MFCCs(10).csv,10,0.195000,1317.900632,0.488501
Run5,Kmtd,Frogs_MFCCs(10).csv,1,0.186000,1305.664043,0.485753
Run5,Kmtd,Frogs_MFCCs(10).csv,2,0.179000,1445.740578,0.464696
Run5,Kmtd,Frogs_MFCCs(10).csv,3,0.234000,1286.632174,0.665347
Run5,Kmtd,Frogs_MFCCs(10).csv,4,0.186000,1626.364358,0.233712
Run5,Kmtd,Frogs_MFCCs(10).csv,5,0.184000,1446.129382,0.426839
Run5,Kmtd,Frogs_MFCCs(10).csv,6,0.581000,1670.396024,0.645000
Run5,Kmtd,Frogs_MFCCs(10).csv,7,0.265000,1516.853662,0.386368
Run5,Kmtd,Frogs_MFCCs(10).csv,8,0.188000,1313.752388,0.534635
Run5,Kmtd,Frogs_MFCCs(10).csv,9,0.236000,1333.983061,0.506986
Run5,Kmtd,Frogs_MFCCs(10).csv,10,0.190000,1317.223833,0.488103
Run6,Kmtd,Frogs_MFCCs(10).csv,1,2.542000,1248.033798,0.607448
Run6,Kmtd,Frogs_MFCCs(10).csv,2,2.886000,1278.883066,0.552166
Run6,Kmtd,Frogs_MFCCs(10).csv,3,1.277000,1148.737017,0.636952
Run6,Kmtd,Frogs_MFCCs(10).csv,4,3.331000,1504.867428,0.192319
Run6,Kmtd,Frogs_MFCCs(10).csv,5,1.124000,1160.756097,0.407063
Run6,Kmtd,Frogs_MFCCs(10).csv,6,1.055000,1355.907732,0.547078
Run6,Kmtd,Frogs_MFCCs(10).csv,7,1.681000,1147.551419,0.314288
Run6,Kmtd,Frogs_MFCCs(10).csv,8,1.144000,1117.875938,0.437818
Run6,Kmtd,Frogs_MFCCs(10).csv,9,1.920000,1182.088601,0.628377
Run6,Kmtd,Frogs_MFCCs(10).csv,10,1.003000,1166.211164,0.583621
Run7,Kmtd,Frogs_MFCCs(10).csv,1,4.218000,1204.708141,0.609436
Run7,Kmtd,Frogs_MFCCs(10).csv,2,2.850000,1225.046648,0.575795
Run7,Kmtd,Frogs_MFCCs(10).csv,3,0.958000,1143.061733,0.631359
Run7,Kmtd,Frogs_MFCCs(10).csv,4,1.641000,1226.207931,0.249406
Run7,Kmtd,Frogs_MFCCs(10).csv,5,1.437000,1109.500566,0.401576
Run7,Kmtd,Frogs_MFCCs(10).csv,6,1.206000,1349.146143,0.544365
Run7,Kmtd,Frogs_MFCCs(10).csv,7,1.505000,1145.585036,0.313927
Run7,Kmtd,Frogs_MFCCs(10).csv,8,0.917000,1109.287962,0.439391
Run7,Kmtd,Frogs_MFCCs(10).csv,9,2.316000,1170.176524,0.624317
Run7,Kmtd,Frogs_MFCCs(10).csv,10,2.631000,1162.133259,0.582282
Run8,Kmtd,Frogs_MFCCs(10).csv,1,2.119000,1218.516524,0.614510
Run8,Kmtd,Frogs_MFCCs(10).csv,2,2.851000,1215.939514,0.576387
Run8,Kmtd,Frogs_MFCCs(10).csv,3,2.043000,1138.131841,0.632212
Run8,Kmtd,Frogs_MFCCs(10).csv,4,3.081000,1222.242573,0.252744
Run8,Kmtd,Frogs_MFCCs(10).csv,5,1.736000,1107.406771,0.400328
Run8,Kmtd,Frogs_MFCCs(10).csv,6,1.625000,1268.974688,0.556254
Run8,Kmtd,Frogs_MFCCs(10).csv,7,1.428000,1144.304222,0.313291
Run8,Kmtd,Frogs_MFCCs(10).csv,8,0.996000,1103.295489,0.441166
Run8,Kmtd,Frogs_MFCCs(10).csv,9,2.700000,1164.580563,0.619401
Run8,Kmtd,Frogs_MFCCs(10).csv,10,2.008000,1146.377559,0.534561
Run9,Kmtd,Frogs_MFCCs(10).csv,1,3.669000,1216.790053,0.611445
Run9,Kmtd,Frogs_MFCCs(10).csv,2,2.658000,1211.349552,0.574730
Run9,Kmtd,Frogs_MFCCs(10).csv,3,1.725000,1137.305112,0.628149
Run9,Kmtd,Frogs_MFCCs(10).csv,4,4.312000,1214.383305,0.271661
Run9,Kmtd,Frogs_MFCCs(10).csv,5,3.695000,1105.363736,0.399501
Run9,Kmtd,Frogs_MFCCs(10).csv,6,1.940000,1264.889144,0.554941
Run9,Kmtd,Frogs_MFCCs(10).csv,7,1.296000,1142.834737,0.313328
Run9,Kmtd,Frogs_MFCCs(10).csv,8,1.149000,1100.857727,0.442433
Run9,Kmtd,Frogs_MFCCs(10).csv,9,3.549000,1159.625656,0.616105
Run9,Kmtd,Frogs_MFCCs(10).csv,10,0.912000,1081.170245,0.422169
Run10,Kmtd,Frogs_MFCCs(10).csv,1,1.789000,1214.063968,0.608414
Run10,Kmtd,Frogs_MFCCs(10).csv,2,2.192000,1209.206947,0.571596
Run10,Kmtd,Frogs_MFCCs(10).csv,3,1.340000,1136.559936,0.625799
Run10,Kmtd,Frogs_MFCCs(10).csv,4,2.837000,1213.290742,0.273038
Run10,Kmtd,Frogs_MFCCs(10).csv,5,1.463000,1104.121098,0.398869
Run10,Kmtd,Frogs_MFCCs(10).csv,6,1.572000,1258.640835,0.551436
Run10,Kmtd,Frogs_MFCCs(10).csv,7,1.382000,1141.938894,0.312909
Run10,Kmtd,Frogs_MFCCs(10).csv,8,1.054000,1099.582187,0.442742
Run10,Kmtd,Frogs_MFCCs(10).csv,9,3.167000,1145.486059,0.619783
Run10,Kmtd,Frogs_MFCCs(10).csv,10,0.890000,1078.914803,0.421601
Run11,Kmtd,Frogs_MFCCs(10).csv,1,2.872000,1245.405031,0.607393
Run11,Kmtd,Frogs_MFCCs(10).csv,2,4.943000,1235.609604,0.575921
Run11,Kmtd,Frogs_MFCCs(10).csv,3,0.934000,1148.377406,0.636361
Run11,Kmtd,Frogs_MFCCs(10).csv,4,1.971000,1232.908071,0.247442
Run11,Kmtd,Frogs_MFCCs(10).csv,5,1.116000,1160.344239,0.406850
Run11,Kmtd,Frogs_MFCCs(10).csv,6,1.136000,1354.806960,0.548124
Run11,Kmtd,Frogs_MFCCs(10).csv,7,1.650000,1147.375035,0.314102
Run11,Kmtd,Frogs_MFCCs(10).csv,8,1.044000,1116.545999,0.438645
Run11,Kmtd,Frogs_MFCCs(10).csv,9,2.231000,1179.534164,0.628374
Run11,Kmtd,Frogs_MFCCs(10).csv,10,1.019000,1165.112631,0.585216
Run12,Kmtd,Frogs_MFCCs(10).csv,1,1.638000,1217.655577,0.611365
Run12,Kmtd,Frogs_MFCCs(10).csv,2,5.066000,1216.804574,0.573416
Run12,Kmtd,Frogs_MFCCs(10).csv,3,1.033000,1139.014582,0.630454
Run12,Kmtd,Frogs_MFCCs(10).csv,4,1.960000,1217.286985,0.273657
Run12,Kmtd,Frogs_MFCCs(10).csv,5,1.902000,1106.022313,0.401060
Run12,Kmtd,Frogs_MFCCs(10).csv,6,1.473000,1265.724749,0.559237
Run12,Kmtd,Frogs_MFCCs(10).csv,7,1.587000,1142.484902,0.314229
Run12,Kmtd,Frogs_MFCCs(10).csv,8,1.104000,1105.926717,0.436624
Run12,Kmtd,Frogs_MFCCs(10).csv,9,4.305000,1158.722034,0.620953
Run12,Kmtd,Frogs_MFCCs(10).csv,10,1.778000,1141.147529,0.535754
Run13,Kmtd,Frogs_MFCCs(10).csv,1,1.177000,1161.607998,0.610401
Run13,Kmtd,Frogs_MFCCs(10).csv,2,2.179000,1211.595300,0.564311
Run13,Kmtd,Frogs_MFCCs(10).csv,3,0.890000,1137.566024,0.625847
Run13,Kmtd,Frogs_MFCCs(10).csv,4,1.702000,1213.529526,0.276317
Run13,Kmtd,Frogs_MFCCs(10).csv,5,1.394000,1103.046356,0.399246
Run13,Kmtd,Frogs_MFCCs(10).csv,6,2.253000,1257.814459,0.548646
Run13,Kmtd,Frogs_MFCCs(10).csv,7,1.672000,1139.376599,0.313809
Run13,Kmtd,Frogs_MFCCs(10).csv,8,0.949000,1099.888988,0.438869
Run13,Kmtd,Frogs_MFCCs(10).csv,9,3.312000,1151.208298,0.635316
Run13,Kmtd,Frogs_MFCCs(10).csv,10,1.527000,1137.334436,0.536057
Run14,Kmtd,Frogs_MFCCs(10).csv,1,1.148000,1160.060009,0.609255
Run14,Kmtd,Frogs_MFCCs(10).csv,2,3.115000,1187.716661,0.615742
Run14,Kmtd,Frogs_MFCCs(10).csv,3,0.839000,1136.537911,0.623955
Run14,Kmtd,Frogs_MFCCs(10).csv,4,1.615000,1210.910505,0.278087
Run14,Kmtd,Frogs_MFCCs(10).csv,5,1.088000,1100.999991,0.397920
Run14,Kmtd,Frogs_MFCCs(10).csv,6,2.376000,1237.497096,0.596149
Run14,Kmtd,Frogs_MFCCs(10).csv,7,2.961000,1136.652397,0.312952
Run14,Kmtd,Frogs_MFCCs(10).csv,8,0.960000,1098.866635,0.437664
Run14,Kmtd,Frogs_MFCCs(10).csv,9,1.515000,1149.805043,0.632991
Run14,Kmtd,Frogs_MFCCs(10).csv,10,1.369000,1136.348635,0.536485
Run15,Kmtd,Frogs_MFCCs(10).csv,1,1.203000,1159.223211,0.608286
Run15,Kmtd,Frogs_MFCCs(10).csv,2,1.457000,1184.537230,0.619786
Run15,Kmtd,Frogs_MFCCs(10).csv,3,0.755000,1136.142326,0.622319
Run15,Kmtd,Frogs_MFCCs(10).csv,4,1.492000,1209.483449,0.279432
Run15,Kmtd,Frogs_MFCCs(10).csv,5,1.065000,1099.316787,0.397014
Run15,Kmtd,Frogs_MFCCs(10).csv,6,1.463000,1237.183820,0.594366
Run15,Kmtd,Frogs_MFCCs(10).csv,7,2.677000,1131.942599,0.313527
Run15,Kmtd,Frogs_MFCCs(10).csv,8,0.879000,1098.531615,0.436859
Run15,Kmtd,Frogs_MFCCs(10).csv,9,1.756000,1149.286076,0.631851
Run15,Kmtd,Frogs_MFCCs(10).csv,10,1.351000,1135.982674,0.536677
Run17,Kmtd,Frogs_MFCCs(10).csv,1,1.023000,1162.445109,0.612944
Run17,Kmtd,Frogs_MFCCs(10).csv,2,2.221000,1269.723438,0.539588
Run17,Kmtd,Frogs_MFCCs(10).csv,3,0.889000,1139.470541,0.628863
Run17,Kmtd,Frogs_MFCCs(10).csv,4,1.804000,1216.181462,0.278079
Run17,Kmtd,Frogs_MFCCs(10).csv,5,1.578000,1103.800253,0.401142
Run17,Kmtd,Frogs_MFCCs(10).csv,6,2.331000,1258.705914,0.552585
Run17,Kmtd,Frogs_MFCCs(10).csv,7,1.922000,1138.452532,0.314337
Run17,Kmtd,Frogs_MFCCs(10).csv,8,0.835000,1102.134830,0.440197
Run17,Kmtd,Frogs_MFCCs(10).csv,9,1.567000,1154.432610,0.636896
Run17,Kmtd,Frogs_MFCCs(10).csv,10,1.696000,1137.341208,0.535637
Run16,Kmtd,Frogs_MFCCs(10).csv,1,3.753000,1242.349871,0.606662
Run16,Kmtd,Frogs_MFCCs(10).csv,2,3.247000,1236.386408,0.571962
Run16,Kmtd,Frogs_MFCCs(10).csv,3,0.960000,1147.775277,0.635094
Run16,Kmtd,Frogs_MFCCs(10).csv,4,1.678000,1230.471552,0.248590
Run16,Kmtd,Frogs_MFCCs(10).csv,5,1.118000,1159.014050,0.406712
Run16,Kmtd,Frogs_MFCCs(10).csv,6,1.166000,1350.753690,0.548965
Run16,Kmtd,Frogs_MFCCs(10).csv,7,1.638000,1146.687136,0.314100
Run16,Kmtd,Frogs_MFCCs(10).csv,8,1.265000,1115.664645,0.438217
Run16,Kmtd,Frogs_MFCCs(10).csv,9,2.338000,1176.840997,0.627429
Run16,Kmtd,Frogs_MFCCs(10).csv,10,0.943000,1164.816846,0.585676
Run18,Kmtd,Frogs_MFCCs(10).csv,1,0.968000,1161.131854,0.611831
Run18,Kmtd,Frogs_MFCCs(10).csv,2,1.641000,1188.891835,0.619758
Run18,Kmtd,Frogs_MFCCs(10).csv,3,0.874000,1138.173521,0.626271
Run18,Kmtd,Frogs_MFCCs(10).csv,4,1.839000,1211.744922,0.283181
Run18,Kmtd,Frogs_MFCCs(10).csv,5,1.466000,1100.911204,0.399109
Run18,Kmtd,Frogs_MFCCs(10).csv,6,1.760000,1238.109373,0.598831
Run18,Kmtd,Frogs_MFCCs(10).csv,7,3.036000,1128.540826,0.313337
Run18,Kmtd,Frogs_MFCCs(10).csv,8,1.005000,1099.610429,0.439732
Run18,Kmtd,Frogs_MFCCs(10).csv,9,1.156000,1151.953398,0.634160
Run18,Kmtd,Frogs_MFCCs(10).csv,10,1.917000,1144.295258,0.551486
Run19,Kmtd,Frogs_MFCCs(10).csv,1,0.927000,1160.247959,0.612012
Run19,Kmtd,Frogs_MFCCs(10).csv,2,1.325000,1187.850800,0.619717
Run19,Kmtd,Frogs_MFCCs(10).csv,3,0.752000,1137.395234,0.625196
Run19,Kmtd,Frogs_MFCCs(10).csv,4,1.846000,1209.065729,0.286852
Run19,Kmtd,Frogs_MFCCs(10).csv,5,2.066000,1100.606008,0.398674
Run19,Kmtd,Frogs_MFCCs(10).csv,6,1.458000,1237.848402,0.598836
Run19,Kmtd,Frogs_MFCCs(10).csv,7,2.625000,1146.983383,0.380492
Run19,Kmtd,Frogs_MFCCs(10).csv,8,1.077000,1098.899133,0.438873
Run19,Kmtd,Frogs_MFCCs(10).csv,9,1.711000,1151.233842,0.632853
Run19,Kmtd,Frogs_MFCCs(10).csv,10,2.096000,1143.941913,0.551810
Run20,Kmtd,Frogs_MFCCs(10).csv,1,0.856000,1159.887215,0.612084
Run20,Kmtd,Frogs_MFCCs(10).csv,2,1.228000,1186.912140,0.620986
Run20,Kmtd,Frogs_MFCCs(10).csv,3,0.779000,1137.333269,0.625317
Run20,Kmtd,Frogs_MFCCs(10).csv,4,1.944000,1208.057713,0.290376
Run20,Kmtd,Frogs_MFCCs(10).csv,5,1.331000,1100.137598,0.397496
Run20,Kmtd,Frogs_MFCCs(10).csv,6,1.578000,1237.603935,0.598220
Run20,Kmtd,Frogs_MFCCs(10).csv,7,1.336000,1145.934250,0.381785
Run20,Kmtd,Frogs_MFCCs(10).csv,8,1.063000,1098.696157,0.438867
Run20,Kmtd,Frogs_MFCCs(10).csv,9,2.038000,1145.547782,0.631412
Run20,Kmtd,Frogs_MFCCs(10).csv,10,2.006000,1143.873252,0.551829
Run21,Kmtd,Frogs_MFCCs(10).csv,1,2.124000,1224.278881,0.620685
Run21,Kmtd,Frogs_MFCCs(10).csv,2,3.005000,1235.222860,0.571192
Run21,Kmtd,Frogs_MFCCs(10).csv,3,1.139000,1146.979957,0.633100
Run21,Kmtd,Frogs_MFCCs(10).csv,4,5.035000,1229.211716,0.250344
Run21,Kmtd,Frogs_MFCCs(10).csv,5,1.305000,1109.695172,0.403165
Run21,Kmtd,Frogs_MFCCs(10).csv,6,1.280000,1348.172020,0.549098
Run21,Kmtd,Frogs_MFCCs(10).csv,7,1.677000,1145.309366,0.314325
Run21,Kmtd,Frogs_MFCCs(10).csv,8,1.118000,1115.504529,0.434282
Run21,Kmtd,Frogs_MFCCs(10).csv,9,2.439000,1173.295417,0.626599
Run21,Kmtd,Frogs_MFCCs(10).csv,10,1.238000,1163.826967,0.585303
Run23,Kmtd,Frogs_MFCCs(10).csv,1,0.912000,1163.833192,0.624820
Run23,Kmtd,Frogs_MFCCs(10).csv,2,1.440000,1190.844657,0.633474
Run23,Kmtd,Frogs_MFCCs(10).csv,3,0.916000,1140.771271,0.638766
Run23,Kmtd,Frogs_MFCCs(10).csv,4,2.669000,1212.345746,0.294709
Run23,Kmtd,Frogs_MFCCs(10).csv,5,1.316000,1101.369471,0.402156
Run23,Kmtd,Frogs_MFCCs(10).csv,6,1.694000,1240.359458,0.610936
Run23,Kmtd,Frogs_MFCCs(10).csv,7,1.425000,1147.910855,0.385427
Run23,Kmtd,Frogs_MFCCs(10).csv,8,1.254000,1100.325701,0.442544
Run23,Kmtd,Frogs_MFCCs(10).csv,9,2.938000,1149.740077,0.640714
Run23,Kmtd,Frogs_MFCCs(10).csv,10,1.678000,1138.281120,0.650963
Run22,Kmtd,Frogs_MFCCs(10).csv,1,0.957000,1163.641090,0.617562
Run22,Kmtd,Frogs_MFCCs(10).csv,2,2.245000,1192.657395,0.625497
Run22,Kmtd,Frogs_MFCCs(10).csv,3,0.922000,1141.183255,0.633317
Run22,Kmtd,Frogs_MFCCs(10).csv,4,2.038000,1215.446816,0.284520
Run22,Kmtd,Frogs_MFCCs(10).csv,5,1.495000,1103.458073,0.401922
Run22,Kmtd,Frogs_MFCCs(10).csv,6,2.295000,1239.586383,0.605730
Run22,Kmtd,Frogs_MFCCs(10).csv,7,4.103000,1131.983027,0.316482
Run22,Kmtd,Frogs_MFCCs(10).csv,8,1.066000,1101.251768,0.441855
Run22,Kmtd,Frogs_MFCCs(10).csv,9,1.192000,1155.350190,0.639834
Run22,Kmtd,Frogs_MFCCs(10).csv,10,13.780000,1138.600980,0.645943
Run24,Kmtd,Frogs_MFCCs(10).csv,1,0.884000,1163.734103,0.627282
Run24,Kmtd,Frogs_MFCCs(10).csv,2,1.419000,1190.904411,0.635569
Run24,Kmtd,Frogs_MFCCs(10).csv,3,1.090000,1141.106269,0.641755
Run24,Kmtd,Frogs_MFCCs(10).csv,4,3.442000,1211.224967,0.304502
Run24,Kmtd,Frogs_MFCCs(10).csv,5,1.397000,1101.019196,0.401616
Run24,Kmtd,Frogs_MFCCs(10).csv,6,3.462000,1446.830102,0.567094
Run24,Kmtd,Frogs_MFCCs(10).csv,7,1.334000,1147.484321,0.387773
Run24,Kmtd,Frogs_MFCCs(10).csv,8,1.387000,1099.961279,0.443340
Run24,Kmtd,Frogs_MFCCs(10).csv,9,1.704000,1149.526260,0.641177
Run24,Kmtd,Frogs_MFCCs(10).csv,10,1.647000,1138.765962,0.654758
Run26,Kmtd,Frogs_MFCCs(10).csv,1,0.205000,62948.073880,0.574570
Run26,Kmtd,Frogs_MFCCs(10).csv,2,0.169000,64121.621111,0.400355
Run26,Kmtd,Frogs_MFCCs(10).csv,3,0.216000,63037.258426,0.442807
Run26,Kmtd,Frogs_MFCCs(10).csv,4,0.314000,64040.048214,0.406811
Run26,Kmtd,Frogs_MFCCs(10).csv,5,0.473000,76387.340878,0.239834
Run26,Kmtd,Frogs_MFCCs(10).csv,6,0.264000,60887.622168,0.610571
Run26,Kmtd,Frogs_MFCCs(10).csv,7,0.213000,64220.036241,0.661228
Run26,Kmtd,Frogs_MFCCs(10).csv,8,0.254000,81006.796922,0.186835
Run26,Kmtd,Frogs_MFCCs(10).csv,9,0.242000,65465.933341,0.492760
Run26,Kmtd,Frogs_MFCCs(10).csv,10,0.304000,73691.416312,0.447928
Run27,Kmtd,Frogs_MFCCs(10).csv,1,0.177000,62459.103415,0.577423
Run27,Kmtd,Frogs_MFCCs(10).csv,2,0.154000,63658.869907,0.399655
Run27,Kmtd,Frogs_MFCCs(10).csv,3,0.200000,62448.599926,0.441151
Run27,Kmtd,Frogs_MFCCs(10).csv,4,0.238000,63363.320506,0.394114
Run27,Kmtd,Frogs_MFCCs(10).csv,5,0.310000,74935.629915,0.231322
Run27,Kmtd,Frogs_MFCCs(10).csv,6,0.197000,60617.180455,0.612410
Run27,Kmtd,Frogs_MFCCs(10).csv,7,0.207000,63544.392060,0.653281
Run27,Kmtd,Frogs_MFCCs(10).csv,8,0.215000,80444.174315,0.186952
Run27,Kmtd,Frogs_MFCCs(10).csv,9,0.254000,64564.147220,0.494460
Run27,Kmtd,Frogs_MFCCs(10).csv,10,0.224000,72655.839217,0.453221
Run28,Kmtd,Frogs_MFCCs(10).csv,1,0.190000,62250.873542,0.579191
Run28,Kmtd,Frogs_MFCCs(10).csv,2,0.145000,63597.004111,0.399260
Run28,Kmtd,Frogs_MFCCs(10).csv,3,0.185000,62145.924758,0.440318
Run28,Kmtd,Frogs_MFCCs(10).csv,4,0.208000,62907.255637,0.387892
Run28,Kmtd,Frogs_MFCCs(10).csv,5,0.245000,74250.592545,0.229346
Run28,Kmtd,Frogs_MFCCs(10).csv,6,0.170000,60455.420409,0.612502
Run28,Kmtd,Frogs_MFCCs(10).csv,7,0.158000,63233.381564,0.649949
Run28,Kmtd,Frogs_MFCCs(10).csv,8,0.188000,80240.723309,0.190186
Run28,Kmtd,Frogs_MFCCs(10).csv,9,0.226000,64108.027676,0.496938
Run28,Kmtd,Frogs_MFCCs(10).csv,10,0.219000,71765.551682,0.455751
Run29,Kmtd,Frogs_MFCCs(10).csv,1,0.183000,62178.779238,0.579622
Run29,Kmtd,Frogs_MFCCs(10).csv,2,0.148000,63488.283907,0.399071
Run29,Kmtd,Frogs_MFCCs(10).csv,3,0.189000,61980.725658,0.439132
Run29,Kmtd,Frogs_MFCCs(10).csv,4,0.198000,62816.950774,0.383159
Run29,Kmtd,Frogs_MFCCs(10).csv,5,0.222000,73708.562245,0.228021
Run29,Kmtd,Frogs_MFCCs(10).csv,6,0.173000,60403.913573,0.612298
Run29,Kmtd,Frogs_MFCCs(10).csv,7,0.172000,62981.806806,0.648461
Run29,Kmtd,Frogs_MFCCs(10).csv,8,0.204000,80026.749286,0.191966
Run29,Kmtd,Frogs_MFCCs(10).csv,9,0.211000,63812.629899,0.498417
Run29,Kmtd,Frogs_MFCCs(10).csv,10,0.194000,71296.313069,0.457550
Run25,Kmtd,Frogs_MFCCs(10).csv,1,0.842000,1163.864183,0.629332
Run25,Kmtd,Frogs_MFCCs(10).csv,2,1.408000,1190.583659,0.637610
Run25,Kmtd,Frogs_MFCCs(10).csv,3,2.107000,1141.127489,0.642691
Run25,Kmtd,Frogs_MFCCs(10).csv,4,4.843000,1210.303873,0.311263
Run25,Kmtd,Frogs_MFCCs(10).csv,5,1.689000,1100.949903,0.402230
Run25,Kmtd,Frogs_MFCCs(10).csv,6,3.305000,1448.473971,0.568392
Run25,Kmtd,Frogs_MFCCs(10).csv,7,1.460000,1146.994449,0.389945
Run25,Kmtd,Frogs_MFCCs(10).csv,8,1.545000,1099.864691,0.443853
Run25,Kmtd,Frogs_MFCCs(10).csv,9,2.168000,1153.822052,0.634587
Run25,Kmtd,Frogs_MFCCs(10).csv,10,1.601000,1138.796973,0.656341
Run30,Kmtd,Frogs_MFCCs(10).csv,1,0.210000,62178.643637,0.580017
Run30,Kmtd,Frogs_MFCCs(10).csv,2,0.146000,63458.956886,0.399037
Run30,Kmtd,Frogs_MFCCs(10).csv,3,0.172000,61893.038412,0.438044
Run30,Kmtd,Frogs_MFCCs(10).csv,4,0.177000,62736.719161,0.380642
Run30,Kmtd,Frogs_MFCCs(10).csv,5,0.194000,73643.344026,0.226401
Run30,Kmtd,Frogs_MFCCs(10).csv,6,0.167000,60346.505655,0.613011
Run30,Kmtd,Frogs_MFCCs(10).csv,7,0.157000,62788.184418,0.645473
Run30,Kmtd,Frogs_MFCCs(10).csv,8,0.170000,79805.521511,0.193301
Run30,Kmtd,Frogs_MFCCs(10).csv,9,0.222000,63450.487448,0.498755
Run30,Kmtd,Frogs_MFCCs(10).csv,10,0.176000,71081.826502,0.458503
Run32,Kmtd,Frogs_MFCCs(10).csv,1,1.552000,56311.236308,0.622062
Run32,Kmtd,Frogs_MFCCs(10).csv,2,2.750000,61279.325596,0.350221
Run32,Kmtd,Frogs_MFCCs(10).csv,3,2.222000,54113.609638,0.378160
Run32,Kmtd,Frogs_MFCCs(10).csv,4,1.424000,54421.735073,0.323441
Run32,Kmtd,Frogs_MFCCs(10).csv,5,2.680000,70089.930778,0.182267
Run32,Kmtd,Frogs_MFCCs(10).csv,6,1.864000,56229.722291,0.549249
Run32,Kmtd,Frogs_MFCCs(10).csv,7,1.181000,55206.848503,0.564421
Run32,Kmtd,Frogs_MFCCs(10).csv,8,1.531000,57875.166005,0.291933
Run32,Kmtd,Frogs_MFCCs(10).csv,9,1.256000,54232.425196,0.573489
Run32,Kmtd,Frogs_MFCCs(10).csv,10,1.452000,57224.342796,0.581492
Run31,Kmtd,Frogs_MFCCs(10).csv,1,1.634000,56559.712094,0.630374
Run31,Kmtd,Frogs_MFCCs(10).csv,2,2.100000,61531.809690,0.352055
Run31,Kmtd,Frogs_MFCCs(10).csv,3,2.703000,54218.229693,0.380670
Run31,Kmtd,Frogs_MFCCs(10).csv,4,1.579000,58409.042358,0.325525
Run31,Kmtd,Frogs_MFCCs(10).csv,5,3.112000,71598.095927,0.186071
Run31,Kmtd,Frogs_MFCCs(10).csv,6,2.687000,58030.459823,0.559192
Run31,Kmtd,Frogs_MFCCs(10).csv,7,1.011000,58788.805852,0.565294
Run31,Kmtd,Frogs_MFCCs(10).csv,8,1.495000,61311.492362,0.292732
Run31,Kmtd,Frogs_MFCCs(10).csv,9,1.302000,58111.249367,0.553069
Run31,Kmtd,Frogs_MFCCs(10).csv,10,1.441000,57485.391821,0.591249
Run33,Kmtd,Frogs_MFCCs(10).csv,1,1.340000,56115.520610,0.617516
Run33,Kmtd,Frogs_MFCCs(10).csv,2,1.686000,59169.732382,0.354741
Run33,Kmtd,Frogs_MFCCs(10).csv,3,2.148000,53920.939636,0.377511
Run33,Kmtd,Frogs_MFCCs(10).csv,4,1.451000,54393.693489,0.322466
Run33,Kmtd,Frogs_MFCCs(10).csv,5,2.004000,69720.045338,0.187248
Run33,Kmtd,Frogs_MFCCs(10).csv,6,2.448000,55983.619028,0.543271
Run33,Kmtd,Frogs_MFCCs(10).csv,7,1.177000,54810.328424,0.558164
Run33,Kmtd,Frogs_MFCCs(10).csv,8,1.382000,57696.811201,0.291064
Run33,Kmtd,Frogs_MFCCs(10).csv,9,1.053000,54082.101891,0.565885
Run33,Kmtd,Frogs_MFCCs(10).csv,10,1.277000,57032.526286,0.575669
Run34,Kmtd,Frogs_MFCCs(10).csv,1,1.304000,56006.135911,0.617633
Run34,Kmtd,Frogs_MFCCs(10).csv,2,1.999000,57981.284505,0.355373
Run34,Kmtd,Frogs_MFCCs(10).csv,3,2.001000,53851.308481,0.377120
Run34,Kmtd,Frogs_MFCCs(10).csv,4,1.384000,54337.699964,0.322377
Run34,Kmtd,Frogs_MFCCs(10).csv,5,1.980000,68810.887612,0.189209
Run34,Kmtd,Frogs_MFCCs(10).csv,6,4.435000,53811.106219,0.574227
Run34,Kmtd,Frogs_MFCCs(10).csv,7,1.205000,54649.074956,0.555676
Run34,Kmtd,Frogs_MFCCs(10).csv,8,1.323000,57676.498054,0.290602
Run34,Kmtd,Frogs_MFCCs(10).csv,9,0.974000,53991.154635,0.563112
Run34,Kmtd,Frogs_MFCCs(10).csv,10,1.245000,56931.727765,0.573133
Run35,Kmtd,Frogs_MFCCs(10).csv,1,1.443000,55915.570727,0.617749
Run35,Kmtd,Frogs_MFCCs(10).csv,2,1.828000,57533.943232,0.357288
Run35,Kmtd,Frogs_MFCCs(10).csv,3,1.851000,53781.158619,0.376735
Run35,Kmtd,Frogs_MFCCs(10).csv,4,1.373000,54306.043269,0.322488
Run35,Kmtd,Frogs_MFCCs(10).csv,5,2.005000,68205.642396,0.191003
Run35,Kmtd,Frogs_MFCCs(10).csv,6,2.572000,53712.279012,0.573153
Run35,Kmtd,Frogs_MFCCs(10).csv,7,1.247000,54523.158530,0.553905
Run35,Kmtd,Frogs_MFCCs(10).csv,8,1.514000,57639.283268,0.290716
Run35,Kmtd,Frogs_MFCCs(10).csv,9,1.013000,53926.931282,0.560928
Run35,Kmtd,Frogs_MFCCs(10).csv,10,1.211000,56903.699220,0.570560
Run36,Kmtd,Frogs_MFCCs(10).csv,1,1.553000,56527.919537,0.626850
Run36,Kmtd,Frogs_MFCCs(10).csv,2,2.112000,61407.979226,0.351110
Run36,Kmtd,Frogs_MFCCs(10).csv,3,2.672000,54189.451485,0.380305
Run36,Kmtd,Frogs_MFCCs(10).csv,4,1.462000,54468.458279,0.323862
Run36,Kmtd,Frogs_MFCCs(10).csv,5,2.724000,71727.272858,0.184178
Run36,Kmtd,Frogs_MFCCs(10).csv,6,2.309000,57987.085464,0.555593
Run36,Kmtd,Frogs_MFCCs(10).csv,7,1.090000,58601.462299,0.561887
Run36,Kmtd,Frogs_MFCCs(10).csv,8,1.476000,58022.185209,0.291924
Run36,Kmtd,Frogs_MFCCs(10).csv,9,1.286000,58063.888043,0.549059
Run36,Kmtd,Frogs_MFCCs(10).csv,10,1.473000,57413.715774,0.587706
Run37,Kmtd,Frogs_MFCCs(10).csv,1,1.297000,56198.919649,0.613938
Run37,Kmtd,Frogs_MFCCs(10).csv,2,1.935000,58986.921611,0.351169
Run37,Kmtd,Frogs_MFCCs(10).csv,3,2.239000,53846.410231,0.377886
Run37,Kmtd,Frogs_MFCCs(10).csv,4,1.403000,54403.236133,0.322889
Run37,Kmtd,Frogs_MFCCs(10).csv,5,2.147000,68667.679102,0.191197
Run37,Kmtd,Frogs_MFCCs(10).csv,6,3.837000,56047.426881,0.541003
Run37,Kmtd,Frogs_MFCCs(10).csv,7,1.126000,54725.259218,0.555450
Run37,Kmtd,Frogs_MFCCs(10).csv,8,1.578000,57691.271388,0.291264
Run37,Kmtd,Frogs_MFCCs(10).csv,9,0.996000,54180.778583,0.562678
Run37,Kmtd,Frogs_MFCCs(10).csv,10,1.189000,57063.165384,0.573079
Run38,Kmtd,Frogs_MFCCs(10).csv,1,1.237000,55942.118102,0.614547
Run38,Kmtd,Frogs_MFCCs(10).csv,2,1.842000,56839.698492,0.360645
Run38,Kmtd,Frogs_MFCCs(10).csv,3,2.311000,53716.687766,0.377836
Run38,Kmtd,Frogs_MFCCs(10).csv,4,1.508000,54345.487001,0.322766
Run38,Kmtd,Frogs_MFCCs(10).csv,5,2.064000,67428.216229,0.194075
Run38,Kmtd,Frogs_MFCCs(10).csv,6,2.260000,53744.120590,0.572083
Run38,Kmtd,Frogs_MFCCs(10).csv,7,1.226000,54386.974916,0.553100
Run38,Kmtd,Frogs_MFCCs(10).csv,8,1.445000,57644.140106,0.291277
Run38,Kmtd,Frogs_MFCCs(10).csv,9,0.917000,54014.622369,0.558842
Run38,Kmtd,Frogs_MFCCs(10).csv,10,1.122000,56886.000828,0.570836
Run39,Kmtd,Frogs_MFCCs(10).csv,1,1.093000,55835.040177,0.612488
Run39,Kmtd,Frogs_MFCCs(10).csv,2,1.524000,56567.840876,0.363167
Run39,Kmtd,Frogs_MFCCs(10).csv,3,2.045000,53239.696261,0.382891
Run39,Kmtd,Frogs_MFCCs(10).csv,4,1.392000,54302.282117,0.322903
Run39,Kmtd,Frogs_MFCCs(10).csv,5,2.053000,65522.312497,0.184236
Run39,Kmtd,Frogs_MFCCs(10).csv,6,1.818000,53620.540105,0.570861
Run39,Kmtd,Frogs_MFCCs(10).csv,7,1.297000,54257.402996,0.550775
Run39,Kmtd,Frogs_MFCCs(10).csv,8,1.980000,57597.145779,0.291915
Run39,Kmtd,Frogs_MFCCs(10).csv,9,0.816000,53915.531981,0.556497
Run39,Kmtd,Frogs_MFCCs(10).csv,10,1.078000,56809.581924,0.568814
Run40,Kmtd,Frogs_MFCCs(10).csv,1,1.073000,55775.073573,0.610928
Run40,Kmtd,Frogs_MFCCs(10).csv,2,1.545000,56482.632490,0.364466
Run40,Kmtd,Frogs_MFCCs(10).csv,3,2.185000,53074.592939,0.383503
Run40,Kmtd,Frogs_MFCCs(10).csv,4,1.447000,54258.468553,0.322842
Run40,Kmtd,Frogs_MFCCs(10).csv,5,1.896000,65492.548810,0.184209
Run40,Kmtd,Frogs_MFCCs(10).csv,6,3.980000,53371.111346,0.572891
Run40,Kmtd,Frogs_MFCCs(10).csv,7,1.874000,52344.530654,0.555636
Run40,Kmtd,Frogs_MFCCs(10).csv,8,6.492000,57559.132286,0.291892
Run40,Kmtd,Frogs_MFCCs(10).csv,9,0.995000,53853.657238,0.554531
Run40,Kmtd,Frogs_MFCCs(10).csv,10,1.056000,56730.815527,0.567022
Run41,Kmtd,Frogs_MFCCs(10).csv,1,1.605000,56576.211884,0.624731
Run41,Kmtd,Frogs_MFCCs(10).csv,2,2.205000,61405.815601,0.350013
Run41,Kmtd,Frogs_MFCCs(10).csv,3,2.803000,54156.814397,0.379934
Run41,Kmtd,Frogs_MFCCs(10).csv,4,1.514000,54458.086516,0.323574
Run41,Kmtd,Frogs_MFCCs(10).csv,5,2.554000,71998.714293,0.182370
Run41,Kmtd,Frogs_MFCCs(10).csv,6,1.968000,57814.615668,0.552789
Run41,Kmtd,Frogs_MFCCs(10).csv,7,1.327000,55840.908800,0.567522
Run41,Kmtd,Frogs_MFCCs(10).csv,8,1.410000,57903.081660,0.291873
Run41,Kmtd,Frogs_MFCCs(10).csv,9,1.293000,54374.722944,0.577118
Run41,Kmtd,Frogs_MFCCs(10).csv,10,1.506000,57376.454835,0.585356
Run42,Kmtd,Frogs_MFCCs(10).csv,1,1.223000,56138.584217,0.613850
Run42,Kmtd,Frogs_MFCCs(10).csv,2,1.995000,56877.986623,0.362036
Run42,Kmtd,Frogs_MFCCs(10).csv,3,2.590000,53756.775909,0.379080
Run42,Kmtd,Frogs_MFCCs(10).csv,4,1.671000,54394.639449,0.325173
Run42,Kmtd,Frogs_MFCCs(10).csv,5,2.424000,67368.509264,0.195407
Run42,Kmtd,Frogs_MFCCs(10).csv,6,3.136000,55952.229155,0.540268
Run42,Kmtd,Frogs_MFCCs(10).csv,7,1.226000,54462.897789,0.554075
Run42,Kmtd,Frogs_MFCCs(10).csv,8,1.616000,57684.063175,0.293649
Run42,Kmtd,Frogs_MFCCs(10).csv,9,0.871000,54152.881935,0.560084
Run42,Kmtd,Frogs_MFCCs(10).csv,10,1.017000,56984.982833,0.572158
Run43,Kmtd,Frogs_MFCCs(10).csv,1,1.614000,55909.082304,0.608945
Run43,Kmtd,Frogs_MFCCs(10).csv,2,1.850000,56505.026784,0.367137
Run43,Kmtd,Frogs_MFCCs(10).csv,3,2.753000,53103.507296,0.385165
Run43,Kmtd,Frogs_MFCCs(10).csv,4,1.873000,54352.600787,0.326270
Run43,Kmtd,Frogs_MFCCs(10).csv,5,2.564000,65600.711553,0.185498
Run43,Kmtd,Frogs_MFCCs(10).csv,6,3.665000,53444.293658,0.576414
Run43,Kmtd,Frogs_MFCCs(10).csv,7,1.101000,52382.231676,0.559091
Run43,Kmtd,Frogs_MFCCs(10).csv,8,1.556000,57618.494813,0.295570
Run43,Kmtd,Frogs_MFCCs(10).csv,9,1.064000,53917.066452,0.559485
Run43,Kmtd,Frogs_MFCCs(10).csv,10,1.042000,56838.373932,0.572042
Run44,Kmtd,Frogs_MFCCs(10).csv,1,0.979000,55842.786490,0.607724
Run44,Kmtd,Frogs_MFCCs(10).csv,2,2.062000,53020.361291,0.387933
Run44,Kmtd,Frogs_MFCCs(10).csv,3,2.775000,53027.688721,0.385243
Run44,Kmtd,Frogs_MFCCs(10).csv,4,2.197000,54322.610691,0.326505
Run44,Kmtd,Frogs_MFCCs(10).csv,5,3.013000,61615.508286,0.223492
Run44,Kmtd,Frogs_MFCCs(10).csv,6,1.968000,53406.842424,0.576699
Run44,Kmtd,Frogs_MFCCs(10).csv,7,1.284000,52268.340965,0.559416
Run44,Kmtd,Frogs_MFCCs(10).csv,8,2.183000,57596.481193,0.296696
Run44,Kmtd,Frogs_MFCCs(10).csv,9,1.441000,53873.404198,0.558593
Run44,Kmtd,Frogs_MFCCs(10).csv,10,1.023000,56743.187286,0.571768
Run45,Kmtd,Frogs_MFCCs(10).csv,1,1.035000,55694.711517,0.607360
Run45,Kmtd,Frogs_MFCCs(10).csv,2,2.099000,53015.763139,0.388523
Run45,Kmtd,Frogs_MFCCs(10).csv,3,3.034000,52889.669106,0.385593
Run45,Kmtd,Frogs_MFCCs(10).csv,4,2.559000,54292.999747,0.328188
Run45,Kmtd,Frogs_MFCCs(10).csv,5,3.286000,61546.524217,0.224185
Run45,Kmtd,Frogs_MFCCs(10).csv,6,1.773000,53373.858958,0.576531
Run45,Kmtd,Frogs_MFCCs(10).csv,7,1.023000,52115.107708,0.559994
Run45,Kmtd,Frogs_MFCCs(10).csv,8,2.548000,57590.920561,0.298973
Run45,Kmtd,Frogs_MFCCs(10).csv,9,1.738000,53784.976909,0.560028
Run45,Kmtd,Frogs_MFCCs(10).csv,10,1.029000,56644.302091,0.571672
Run46,Kmtd,Frogs_MFCCs(10).csv,1,1.463000,56568.093101,0.620596
Run46,Kmtd,Frogs_MFCCs(10).csv,2,2.063000,59505.333033,0.353021
Run46,Kmtd,Frogs_MFCCs(10).csv,3,2.656000,54041.813209,0.379277
Run46,Kmtd,Frogs_MFCCs(10).csv,4,1.445000,54477.589161,0.323522
Run46,Kmtd,Frogs_MFCCs(10).csv,5,2.500000,72247.269396,0.180745
Run46,Kmtd,Frogs_MFCCs(10).csv,6,1.883000,57777.267353,0.549829
Run46,Kmtd,Frogs_MFCCs(10).csv,7,1.182000,55653.785614,0.564394
Run46,Kmtd,Frogs_MFCCs(10).csv,8,1.404000,57882.222324,0.292069
Run46,Kmtd,Frogs_MFCCs(10).csv,9,1.205000,54348.705001,0.573639
Run46,Kmtd,Frogs_MFCCs(10).csv,10,1.380000,57336.236821,0.582198
Run47,Kmtd,Frogs_MFCCs(10).csv,1,1.130000,56174.179856,0.609232
Run47,Kmtd,Frogs_MFCCs(10).csv,2,2.230000,56611.207261,0.367992
Run47,Kmtd,Frogs_MFCCs(10).csv,3,3.139000,53226.989278,0.386185
Run47,Kmtd,Frogs_MFCCs(10).csv,4,2.147000,54440.884808,0.330198
Run47,Kmtd,Frogs_MFCCs(10).csv,5,3.530000,65745.237760,0.185609
Run47,Kmtd,Frogs_MFCCs(10).csv,6,4.244000,53839.776997,0.575164
Run47,Kmtd,Frogs_MFCCs(10).csv,7,2.070000,52873.704560,0.557960
Run47,Kmtd,Frogs_MFCCs(10).csv,8,2.128000,57711.398700,0.298223
Run47,Kmtd,Frogs_MFCCs(10).csv,9,0.984000,54143.493926,0.562207
Run47,Kmtd,Frogs_MFCCs(10).csv,10,1.096000,56694.785033,0.611348
Run48,Kmtd,Frogs_MFCCs(10).csv,1,1.074000,56003.226147,0.609451
Run48,Kmtd,Frogs_MFCCs(10).csv,2,2.648000,53152.429055,0.388066
Run48,Kmtd,Frogs_MFCCs(10).csv,3,0.964000,54420.439617,0.564293
Run48,Kmtd,Frogs_MFCCs(10).csv,4,2.238000,54473.433176,0.346579
Run48,Kmtd,Frogs_MFCCs(10).csv,5,5.868000,61737.221412,0.226364
Run48,Kmtd,Frogs_MFCCs(10).csv,6,2.303000,53514.377374,0.580251
Run48,Kmtd,Frogs_MFCCs(10).csv,7,1.036000,52256.493583,0.563444
Run48,Kmtd,Frogs_MFCCs(10).csv,8,2.645000,57745.750099,0.315726
Run48,Kmtd,Frogs_MFCCs(10).csv,9,1.260000,53928.838977,0.565041
Run48,Kmtd,Frogs_MFCCs(10).csv,10,0.974000,56465.201687,0.612284
Run49,Kmtd,Frogs_MFCCs(10).csv,1,1.108000,55867.168577,0.610145
Run49,Kmtd,Frogs_MFCCs(10).csv,2,2.551000,53120.578712,0.388537
Run49,Kmtd,Frogs_MFCCs(10).csv,3,0.975000,54301.667036,0.565319
Run49,Kmtd,Frogs_MFCCs(10).csv,4,3.016000,54504.168914,0.361745
Run49,Kmtd,Frogs_MFCCs(10).csv,5,7.735000,61703.183084,0.234398
Run49,Kmtd,Frogs_MFCCs(10).csv,6,1.975000,53475.692329,0.581315
Run49,Kmtd,Frogs_MFCCs(10).csv,7,0.906000,52191.763244,0.565860
Run49,Kmtd,Frogs_MFCCs(10).csv,8,4.375000,57772.367725,0.336359
Run49,Kmtd,Frogs_MFCCs(10).csv,9,0.873000,53863.134019,0.566739
Run49,Kmtd,Frogs_MFCCs(10).csv,10,1.006000,53862.917426,0.580000
Run50,Kmtd,Frogs_MFCCs(10).csv,1,1.096000,55745.168451,0.609294
Run50,Kmtd,Frogs_MFCCs(10).csv,2,3.581000,53110.895818,0.389550
Run50,Kmtd,Frogs_MFCCs(10).csv,3,1.058000,54304.006985,0.565745
Run50,Kmtd,Frogs_MFCCs(10).csv,4,3.430000,54546.630317,0.378236
Run50,Kmtd,Frogs_MFCCs(10).csv,5,5.430000,54546.630317,0.378236
Run50,Kmtd,Frogs_MFCCs(10).csv,6,2.063000,53479.104982,0.583356
Run50,Kmtd,Frogs_MFCCs(10).csv,7,1.917000,51875.328929,0.582180
Run50,Kmtd,Frogs_MFCCs(10).csv,8,5.104000,57814.935802,0.356460
Run50,Kmtd,Frogs_MFCCs(10).csv,9,0.745000,53857.846404,0.567282
Run50,Kmtd,Frogs_MFCCs(10).csv,10,0.903000,53837.066060,0.580821
