RunIndex,Algorithm,DataSet,Run,RunTime,WithinClusterSS,CorrectedRandIndex
Run2,Kmtd,gmmdata.csv,1,0.064000,621.057914,0.664266
Run2,Kmtd,gmmdata.csv,2,0.009000,718.048880,0.642583
Run2,Kmtd,gmmdata.csv,3,0.007000,714.491768,0.658984
Run2,Kmtd,gmmdata.csv,4,0.006000,544.451280,0.755672
Run2,Kmtd,gmmdata.csv,5,0.012000,521.454589,0.749749
Run2,Kmtd,gmmdata.csv,6,0.007000,525.671762,0.764185
Run2,Kmtd,gmmdata.csv,7,0.007000,694.436635,0.610782
Run2,Kmtd,gmmdata.csv,8,0.007000,560.141020,0.743015
Run2,Kmtd,gmmdata.csv,9,0.008000,656.116714,0.644325
Run2,Kmtd,gmmdata.csv,10,0.005000,343.485734,0.889720
Run1,Kmtd,gmmdata.csv,1,0.066000,657.724967,0.649858
Run1,Kmtd,gmmdata.csv,2,0.014000,742.651719,0.655820
Run1,Kmtd,gmmdata.csv,3,0.015000,759.608816,0.654891
Run1,Kmtd,gmmdata.csv,4,0.010000,545.488533,0.754394
Run1,Kmtd,gmmdata.csv,5,0.027000,570.358301,0.737341
Run1,Kmtd,gmmdata.csv,6,0.010000,533.944234,0.756566
Run1,Kmtd,gmmdata.csv,7,0.013000,776.191861,0.588968
Run1,Kmtd,gmmdata.csv,8,0.013000,577.174925,0.731897
Run1,Kmtd,gmmdata.csv,9,0.012000,644.252646,0.641710
Run1,Kmtd,gmmdata.csv,10,0.005000,347.692165,0.879582
Run3,Kmtd,gmmdata.csv,1,0.008000,619.791688,0.662846
Run3,Kmtd,gmmdata.csv,2,0.006000,710.597042,0.641427
Run3,Kmtd,gmmdata.csv,3,0.005000,704.654937,0.660037
Run3,Kmtd,gmmdata.csv,4,0.004000,543.265742,0.757618
Run3,Kmtd,gmmdata.csv,5,0.011000,485.390949,0.766240
Run3,Kmtd,gmmdata.csv,6,0.006000,525.671762,0.764185
Run3,Kmtd,gmmdata.csv,7,0.005000,694.532188,0.612192
Run3,Kmtd,gmmdata.csv,8,0.005000,560.401089,0.740669
Run3,Kmtd,gmmdata.csv,9,0.006000,656.351683,0.645761
Run3,Kmtd,gmmdata.csv,10,0.004000,342.002429,0.892241
Run4,Kmtd,gmmdata.csv,1,0.008000,617.734198,0.663299
Run4,Kmtd,gmmdata.csv,2,0.006000,710.339366,0.638645
Run4,Kmtd,gmmdata.csv,3,0.006000,702.340082,0.662466
Run4,Kmtd,gmmdata.csv,4,0.005000,543.265742,0.757618
Run4,Kmtd,gmmdata.csv,5,0.007000,477.509068,0.769996
Run4,Kmtd,gmmdata.csv,6,0.008000,525.218875,0.763679
Run4,Kmtd,gmmdata.csv,7,0.006000,689.625492,0.614325
Run4,Kmtd,gmmdata.csv,8,0.008000,560.438801,0.740080
Run4,Kmtd,gmmdata.csv,9,0.006000,655.106970,0.647560
Run4,Kmtd,gmmdata.csv,10,0.004000,342.002429,0.892241
Run5,Kmtd,gmmdata.csv,1,0.005000,615.199665,0.663703
Run5,Kmtd,gmmdata.csv,2,0.005000,709.973117,0.638321
Run5,Kmtd,gmmdata.csv,3,0.005000,701.095398,0.663354
Run5,Kmtd,gmmdata.csv,4,0.004000,545.734239,0.754900
Run5,Kmtd,gmmdata.csv,5,0.006000,475.973885,0.770814
Run5,Kmtd,gmmdata.csv,6,0.004000,525.218875,0.763679
Run5,Kmtd,gmmdata.csv,7,0.005000,687.482914,0.616450
Run5,Kmtd,gmmdata.csv,8,0.005000,560.987121,0.738439
Run5,Kmtd,gmmdata.csv,9,0.006000,657.936093,0.645914
Run5,Kmtd,gmmdata.csv,10,0.004000,342.002429,0.892241
Run6,Kmtd,gmmdata.csv,1,0.022000,318.849659,0.994323
Run6,Kmtd,gmmdata.csv,2,0.025000,513.471456,0.845696
Run6,Kmtd,gmmdata.csv,3,0.034000,743.329316,0.677973
Run6,Kmtd,gmmdata.csv,4,0.061000,545.924663,0.816883
Run6,Kmtd,gmmdata.csv,5,0.017000,318.849659,0.994323
Run6,Kmtd,gmmdata.csv,6,0.061000,516.259798,0.836950
Run6,Kmtd,gmmdata.csv,7,0.015000,504.396754,0.800806
Run6,Kmtd,gmmdata.csv,8,0.047000,510.102020,0.783567
Run6,Kmtd,gmmdata.csv,9,0.048000,523.501215,0.812518
Run6,Kmtd,gmmdata.csv,10,0.016000,318.849659,0.994323
Run7,Kmtd,gmmdata.csv,1,0.012000,319.043314,0.994322
Run7,Kmtd,gmmdata.csv,2,0.102000,512.889837,0.801074
Run7,Kmtd,gmmdata.csv,3,0.065000,514.664260,0.815864
Run7,Kmtd,gmmdata.csv,4,0.049000,510.368192,0.786870
Run7,Kmtd,gmmdata.csv,5,0.011000,319.043314,0.994322
Run7,Kmtd,gmmdata.csv,6,0.030000,319.043314,0.994322
Run7,Kmtd,gmmdata.csv,7,0.032000,501.667693,0.801700
Run7,Kmtd,gmmdata.csv,8,0.052000,502.338659,0.773436
Run7,Kmtd,gmmdata.csv,9,0.064000,502.338659,0.773436
Run7,Kmtd,gmmdata.csv,10,0.010000,319.043314,0.994322
Run9,Kmtd,gmmdata.csv,1,0.012000,319.043314,0.994322
Run9,Kmtd,gmmdata.csv,2,0.053000,504.816095,0.804271
Run9,Kmtd,gmmdata.csv,3,0.070000,506.500206,0.832610
Run9,Kmtd,gmmdata.csv,4,0.064000,501.569543,0.803053
Run9,Kmtd,gmmdata.csv,5,0.010000,319.043314,0.994322
Run9,Kmtd,gmmdata.csv,6,0.016000,319.043314,0.994322
Run9,Kmtd,gmmdata.csv,7,0.041000,319.043314,0.994322
Run9,Kmtd,gmmdata.csv,8,0.026000,485.709135,0.784174
Run9,Kmtd,gmmdata.csv,9,0.031000,485.709135,0.784174
Run9,Kmtd,gmmdata.csv,10,0.011000,319.043314,0.994322
Run8,Kmtd,gmmdata.csv,1,0.012000,319.043314,0.994322
Run8,Kmtd,gmmdata.csv,2,0.091000,508.618529,0.796323
Run8,Kmtd,gmmdata.csv,3,0.103000,510.889444,0.822057
Run8,Kmtd,gmmdata.csv,4,0.093000,505.555765,0.797441
Run8,Kmtd,gmmdata.csv,5,0.010000,319.043314,0.994322
Run8,Kmtd,gmmdata.csv,6,0.017000,319.043314,0.994322
Run8,Kmtd,gmmdata.csv,7,0.089000,319.043314,0.994322
Run8,Kmtd,gmmdata.csv,8,0.036000,487.399684,0.781243
Run8,Kmtd,gmmdata.csv,9,0.043000,487.399684,0.781243
Run8,Kmtd,gmmdata.csv,10,0.013000,319.043314,0.994322
Run10,Kmtd,gmmdata.csv,1,0.014000,319.043314,0.994322
Run10,Kmtd,gmmdata.csv,2,0.040000,504.798544,0.805488
Run10,Kmtd,gmmdata.csv,3,0.061000,506.482655,0.833793
Run10,Kmtd,gmmdata.csv,4,0.053000,501.550713,0.804831
Run10,Kmtd,gmmdata.csv,5,0.010000,319.043314,0.994322
Run10,Kmtd,gmmdata.csv,6,0.016000,319.043314,0.994322
Run10,Kmtd,gmmdata.csv,7,0.082000,493.700082,0.822963
Run10,Kmtd,gmmdata.csv,8,0.020000,485.709135,0.784174
Run10,Kmtd,gmmdata.csv,9,0.025000,485.709135,0.784174
Run10,Kmtd,gmmdata.csv,10,0.009000,319.043314,0.994322
Run11,Kmtd,gmmdata.csv,1,0.014000,318.967511,0.997161
Run11,Kmtd,gmmdata.csv,2,0.092000,520.755698,0.841308
Run11,Kmtd,gmmdata.csv,3,0.024000,547.209924,0.843013
Run11,Kmtd,gmmdata.csv,4,0.034000,541.221508,0.821587
Run11,Kmtd,gmmdata.csv,5,0.013000,318.967511,0.997161
Run11,Kmtd,gmmdata.csv,6,0.093000,513.493001,0.844311
Run11,Kmtd,gmmdata.csv,7,0.019000,504.448543,0.802010
Run11,Kmtd,gmmdata.csv,8,0.026000,509.435735,0.783991
Run11,Kmtd,gmmdata.csv,9,0.046000,515.200680,0.819985
Run11,Kmtd,gmmdata.csv,10,0.012000,318.967511,0.997161
Run12,Kmtd,gmmdata.csv,1,0.009000,319.043314,0.994322
Run12,Kmtd,gmmdata.csv,2,0.063000,503.688331,0.825734
Run12,Kmtd,gmmdata.csv,3,0.054000,508.847806,0.839063
Run12,Kmtd,gmmdata.csv,4,0.053000,503.459827,0.819835
Run12,Kmtd,gmmdata.csv,5,0.008000,319.043314,0.994322
Run12,Kmtd,gmmdata.csv,6,0.015000,319.043314,0.994322
Run12,Kmtd,gmmdata.csv,7,0.089000,495.966982,0.839610
Run12,Kmtd,gmmdata.csv,8,0.039000,488.090525,0.793036
Run12,Kmtd,gmmdata.csv,9,0.044000,488.090525,0.793036
Run12,Kmtd,gmmdata.csv,10,0.008000,319.043314,0.994322
Run13,Kmtd,gmmdata.csv,1,0.010000,319.043314,0.994322
Run13,Kmtd,gmmdata.csv,2,0.050000,504.471422,0.834266
Run13,Kmtd,gmmdata.csv,3,0.041000,529.346991,0.833733
Run13,Kmtd,gmmdata.csv,4,0.073000,523.486905,0.814066
Run13,Kmtd,gmmdata.csv,5,0.009000,319.043314,0.994322
Run13,Kmtd,gmmdata.csv,6,0.015000,319.043314,0.994322
Run13,Kmtd,gmmdata.csv,7,0.032000,495.966982,0.839610
Run13,Kmtd,gmmdata.csv,8,0.046000,487.335908,0.791225
Run13,Kmtd,gmmdata.csv,9,0.056000,487.335908,0.791225
Run13,Kmtd,gmmdata.csv,10,0.008000,319.043314,0.994322
Run14,Kmtd,gmmdata.csv,1,0.010000,319.043314,0.994322
Run14,Kmtd,gmmdata.csv,2,0.043000,504.471422,0.834266
Run14,Kmtd,gmmdata.csv,3,0.049000,528.845414,0.834804
Run14,Kmtd,gmmdata.csv,4,0.076000,523.556790,0.817388
Run14,Kmtd,gmmdata.csv,5,0.009000,319.043314,0.994322
Run14,Kmtd,gmmdata.csv,6,0.013000,319.043314,0.994322
Run14,Kmtd,gmmdata.csv,7,0.026000,495.498703,0.836942
Run14,Kmtd,gmmdata.csv,8,0.054000,487.028516,0.793305
Run14,Kmtd,gmmdata.csv,9,0.058000,487.028516,0.793305
Run14,Kmtd,gmmdata.csv,10,0.008000,319.043314,0.994322
Run15,Kmtd,gmmdata.csv,1,0.008000,319.043314,0.994322
Run15,Kmtd,gmmdata.csv,2,0.040000,504.237738,0.833003
Run15,Kmtd,gmmdata.csv,3,0.056000,528.466634,0.834873
Run15,Kmtd,gmmdata.csv,4,0.054000,520.548483,0.846208
Run15,Kmtd,gmmdata.csv,5,0.009000,319.043314,0.994322
Run15,Kmtd,gmmdata.csv,6,0.013000,319.043314,0.994322
Run15,Kmtd,gmmdata.csv,7,0.025000,495.498703,0.836942
Run15,Kmtd,gmmdata.csv,8,0.054000,487.381162,0.793555
Run15,Kmtd,gmmdata.csv,9,0.060000,487.381162,0.793555
Run15,Kmtd,gmmdata.csv,10,0.007000,319.043314,0.994322
Run16,Kmtd,gmmdata.csv,1,0.012000,319.043314,0.994322
Run16,Kmtd,gmmdata.csv,2,0.054000,510.055370,0.836717
Run16,Kmtd,gmmdata.csv,3,0.028000,546.317902,0.848170
Run16,Kmtd,gmmdata.csv,4,0.050000,538.585641,0.825378
Run16,Kmtd,gmmdata.csv,5,0.011000,319.043314,0.994322
Run16,Kmtd,gmmdata.csv,6,0.065000,319.043314,0.994322
Run16,Kmtd,gmmdata.csv,7,0.026000,505.359867,0.804501
Run16,Kmtd,gmmdata.csv,8,0.032000,510.232627,0.786975
Run16,Kmtd,gmmdata.csv,9,0.044000,510.232627,0.786975
Run16,Kmtd,gmmdata.csv,10,0.012000,319.043314,0.994322
Run18,Kmtd,gmmdata.csv,1,0.010000,319.040413,0.994336
Run18,Kmtd,gmmdata.csv,2,0.045000,519.620970,0.860248
Run18,Kmtd,gmmdata.csv,3,0.084000,538.557835,0.846983
Run18,Kmtd,gmmdata.csv,4,0.081000,538.924577,0.841876
Run18,Kmtd,gmmdata.csv,5,0.009000,319.040413,0.994336
Run18,Kmtd,gmmdata.csv,6,0.020000,319.040413,0.994336
Run18,Kmtd,gmmdata.csv,7,0.025000,496.304412,0.840875
Run18,Kmtd,gmmdata.csv,8,0.077000,504.659378,0.835958
Run18,Kmtd,gmmdata.csv,9,0.072000,504.659378,0.835958
Run18,Kmtd,gmmdata.csv,10,0.008000,319.040413,0.994336
Run17,Kmtd,gmmdata.csv,1,0.010000,319.043314,0.994322
Run17,Kmtd,gmmdata.csv,2,0.058000,519.620970,0.860248
Run17,Kmtd,gmmdata.csv,3,0.046000,519.381267,0.860265
Run17,Kmtd,gmmdata.csv,4,0.045000,519.642550,0.852628
Run17,Kmtd,gmmdata.csv,5,0.009000,319.043314,0.994322
Run17,Kmtd,gmmdata.csv,6,0.023000,319.043314,0.994322
Run17,Kmtd,gmmdata.csv,7,0.033000,496.304412,0.840875
Run17,Kmtd,gmmdata.csv,8,0.342000,504.659378,0.835958
Run17,Kmtd,gmmdata.csv,9,0.334000,504.659378,0.835958
Run17,Kmtd,gmmdata.csv,10,0.008000,319.043314,0.994322
Run19,Kmtd,gmmdata.csv,1,0.010000,319.040413,0.994336
Run19,Kmtd,gmmdata.csv,2,0.042000,519.748808,0.855139
Run19,Kmtd,gmmdata.csv,3,0.067000,538.469639,0.849574
Run19,Kmtd,gmmdata.csv,4,0.062000,538.844704,0.844479
Run19,Kmtd,gmmdata.csv,5,0.009000,319.040413,0.994336
Run19,Kmtd,gmmdata.csv,6,0.018000,319.040413,0.994336
Run19,Kmtd,gmmdata.csv,7,0.021000,495.966982,0.839610
Run19,Kmtd,gmmdata.csv,8,0.062000,504.607421,0.833565
Run19,Kmtd,gmmdata.csv,9,0.056000,504.607421,0.833565
Run19,Kmtd,gmmdata.csv,10,0.009000,319.040413,0.994336
Run20,Kmtd,gmmdata.csv,1,0.011000,319.040413,0.994336
Run20,Kmtd,gmmdata.csv,2,0.043000,519.748808,0.855139
Run20,Kmtd,gmmdata.csv,3,0.069000,538.469639,0.849574
Run20,Kmtd,gmmdata.csv,4,0.064000,538.844704,0.844479
Run20,Kmtd,gmmdata.csv,5,0.009000,319.040413,0.994336
Run20,Kmtd,gmmdata.csv,6,0.020000,319.040413,0.994336
Run20,Kmtd,gmmdata.csv,7,0.022000,495.966982,0.839610
Run20,Kmtd,gmmdata.csv,8,0.062000,504.607421,0.833565
Run20,Kmtd,gmmdata.csv,9,0.054000,504.607421,0.833565
Run20,Kmtd,gmmdata.csv,10,0.010000,319.040413,0.994336
Run21,Kmtd,gmmdata.csv,1,0.011000,319.043314,0.994322
Run21,Kmtd,gmmdata.csv,2,0.096000,526.923974,0.834040
Run21,Kmtd,gmmdata.csv,3,0.063000,526.984322,0.831430
Run21,Kmtd,gmmdata.csv,4,0.074000,526.996171,0.826248
Run21,Kmtd,gmmdata.csv,5,0.012000,319.043314,0.994322
Run21,Kmtd,gmmdata.csv,6,0.037000,319.043314,0.994322
Run21,Kmtd,gmmdata.csv,7,0.027000,505.535964,0.817286
Run21,Kmtd,gmmdata.csv,8,0.083000,511.137575,0.797853
Run21,Kmtd,gmmdata.csv,9,0.089000,511.137575,0.797853
Run21,Kmtd,gmmdata.csv,10,0.010000,319.043314,0.994322
Run22,Kmtd,gmmdata.csv,1,0.015000,319.040413,0.994336
Run22,Kmtd,gmmdata.csv,2,0.020000,519.748808,0.855139
Run22,Kmtd,gmmdata.csv,3,0.035000,519.275808,0.857698
Run22,Kmtd,gmmdata.csv,4,0.030000,520.593708,0.845182
Run22,Kmtd,gmmdata.csv,5,0.011000,319.040413,0.994336
Run22,Kmtd,gmmdata.csv,6,0.116000,507.226831,0.856780
Run22,Kmtd,gmmdata.csv,7,0.031000,514.275254,0.843033
Run22,Kmtd,gmmdata.csv,8,0.026000,505.587462,0.831132
Run22,Kmtd,gmmdata.csv,9,0.024000,505.587462,0.831132
Run22,Kmtd,gmmdata.csv,10,0.011000,319.040413,0.994336
Run23,Kmtd,gmmdata.csv,1,0.015000,319.267697,0.991553
Run23,Kmtd,gmmdata.csv,2,0.020000,520.134687,0.852578
Run23,Kmtd,gmmdata.csv,3,0.034000,519.275808,0.857698
Run23,Kmtd,gmmdata.csv,4,0.028000,520.593708,0.845182
Run23,Kmtd,gmmdata.csv,5,0.012000,319.267697,0.991553
Run23,Kmtd,gmmdata.csv,6,0.479000,507.226831,0.856780
Run23,Kmtd,gmmdata.csv,7,0.030000,513.831521,0.841709
Run23,Kmtd,gmmdata.csv,8,0.026000,505.567173,0.828617
Run23,Kmtd,gmmdata.csv,9,0.022000,505.567173,0.828617
Run23,Kmtd,gmmdata.csv,10,0.012000,319.267697,0.991553
Run24,Kmtd,gmmdata.csv,1,0.016000,319.267697,0.991553
Run24,Kmtd,gmmdata.csv,2,0.022000,520.606148,0.850090
Run24,Kmtd,gmmdata.csv,3,0.030000,519.275808,0.857698
Run24,Kmtd,gmmdata.csv,4,0.027000,520.593708,0.845182
Run24,Kmtd,gmmdata.csv,5,0.012000,319.267697,0.991553
Run24,Kmtd,gmmdata.csv,6,0.479000,506.355883,0.854431
Run24,Kmtd,gmmdata.csv,7,0.030000,513.831521,0.841709
Run24,Kmtd,gmmdata.csv,8,0.026000,505.567173,0.828617
Run24,Kmtd,gmmdata.csv,9,0.023000,505.567173,0.828617
Run24,Kmtd,gmmdata.csv,10,0.014000,319.267697,0.991553
Run25,Kmtd,gmmdata.csv,1,0.017000,319.267697,0.991553
Run25,Kmtd,gmmdata.csv,2,0.020000,520.606148,0.850090
Run25,Kmtd,gmmdata.csv,3,0.029000,519.275808,0.857698
Run25,Kmtd,gmmdata.csv,4,0.024000,520.593708,0.845182
Run25,Kmtd,gmmdata.csv,5,0.012000,319.267697,0.991553
Run25,Kmtd,gmmdata.csv,6,0.295000,319.267697,0.991553
Run25,Kmtd,gmmdata.csv,7,0.029000,513.831521,0.841709
Run25,Kmtd,gmmdata.csv,8,0.025000,505.567173,0.828617
Run25,Kmtd,gmmdata.csv,9,0.022000,505.567173,0.828617
Run25,Kmtd,gmmdata.csv,10,0.012000,319.267697,0.991553
