1,-9.749406084,1.242742008,1
2,-9.155203302,0.905299197,1
3,-9.880465495,3.229221169,1
4,-8.645642603,1.981478209,1
5,-8.700775624,0.85687383,1
6,-9.948869372,1.087358794,1
7,-10.0304981,3.217544284,1
8,-10.13377253,0.146533498,1
9,-9.428909128,2.442319962,1
10,-9.308426653,0.355073871,1
11,-9.186444604,1.856838168,1
12,-8.705584756,1.743369857,1
13,-10.16231593,0.750694312,1
14,-7.181903559,0.44931564,1
15,-9.822156572,2.062354767,1
16,-10.47544526,1.461056143,1
17,-11.73126816,2.420492746,1
18,-9.943323119,1.612471651,1
19,-12.48362881,1.776753668,1
20,-9.815967221,2.603187189,1
21,-11.25465982,2.038894865,1
22,-10.10242984,1.278727242,1
23,-9.74352016,1.246887018,1
24,-8.921072682,3.171099669,1
25,-9.01537669,1.306575639,1
26,-9.13629965,0.290472942,1
27,-8.50715845,2.566123289,1
28,-9.531630114,2.140313855,1
29,-9.824507671,1.167224324,1
30,-9.485439446,0.299258278,1
31,-10.62668552,4.128323881,1
32,-10.33379635,3.334342037,1
33,-8.949307022,3.395815704,1
34,-9.991291662,0.874284578,1
35,-10.86051871,2.111892404,1
36,-9.866560131,1.862028249,1
37,-10.44942782,2.102957896,1
38,-9.599436455,2.502281736,1
39,-9.770575186,1.831939618,1
40,-10.38027298,1.640956945,1
41,-11.28451153,2.256712457,1
42,-11.41058903,1.796821538,1
43,-9.530158659,2.092968256,1
44,-10.15989501,1.767789579,1
45,-9.092422679,1.949229673,1
46,-11.6831409,4.408452005,1
47,-10.17441788,1.163732335,1
48,-11.34540759,2.815552587,1
49,-11.23236275,1.182045469,1
50,-11.19405398,2.528014115,1
51,-10.70751623,-0.283983207,1
52,-9.141974051,3.768224129,1
53,-10.49494949,1.93730228,1
54,-10.44029437,0.522723354,1
55,-9.127976367,1.989856788,1
56,-10.17271817,1.744055403,1
57,-9.690318575,2.841339508,1
58,-11.03460144,2.221179911,1
59,-8.960861263,1.651352766,1
60,-9.119183128,2.806945729,1
61,-11.00380772,0.835997154,1
62,-10.68874521,1.530233634,1
63,-9.319831867,1.796348281,1
64,-8.989273107,2.649151009,1
65,-10.33996712,1.774452193,1
66,-9.757019932,2.065648058,1
67,-10.63675858,1.886994691,1
68,-9.034915025,3.42614798,1
69,-9.927849156,2.632663445,1
70,-9.368810693,0.65729579,1
71,-10.09799749,1.103348687,1
72,-10.49359693,0.906859178,1
73,-9.143138561,3.854095805,1
74,-9.418594528,1.550943242,1
75,-10.01654508,0.897509099,1
76,-9.146866919,2.952429979,1
77,-9.295004508,1.173078705,1
78,-8.701445295,2.053593192,1
79,-9.578717109,1.75777903,1
80,-10.84581149,2.930538624,1
81,-9.67092739,1.238120502,1
82,-9.635443733,1.989366963,1
83,-10.22196437,2.575409938,1
84,-10.49737022,3.186271968,1
85,-9.129708574,1.197752748,1
86,-9.382646092,2.106552761,1
87,-11.07054277,0.51564793,1
88,-8.97918364,3.583747094,1
89,-9.917423053,3.498419219,1
90,-9.310697788,1.211222427,1
91,-11.26125751,3.069994504,1
92,-10.97672262,2.150226296,1
93,-8.914723555,2.126811609,1
94,-9.744454119,2.715148928,1
95,-8.659679266,2.253847489,1
96,-9.327921987,1.96977802,1
97,-10.8581394,1.120353224,1
98,-9.611980018,1.000273906,1
99,-8.563055278,1.94834117,1
100,-10.31762799,3.608738308,1
101,-9.090956548,1.880602391,1
102,-9.659694065,4.132615146,1
103,-9.650599253,1.861339671,1
104,-8.014790156,1.708363018,1
105,-11.95122402,2.859245786,1
106,-11.03348145,2.251518033,1
107,-10.93792366,1.08080235,1
108,-10.01380908,1.124656901,1
109,-10.71960753,1.959548849,1
110,-10.48024243,3.075291264,1
111,-9.576985791,4.018908508,1
112,-11.26260449,0.917968644,1
113,-11.13025143,1.460436315,1
114,-10.16556309,1.365127541,1
115,-10.29097704,2.497924471,1
116,-8.096971273,2.099875409,1
117,-9.593691765,1.721155086,1
118,-9.515419662,2.41711942,1
119,-9.854355437,0.230469403,1
120,-12.67749066,0.223029854,1
121,-11.07678678,0.091169837,1
122,-11.42059808,1.228559877,1
123,-11.19676768,2.842969329,1
124,-9.266004005,1.332330855,1
125,-9.885070667,0.883969303,1
126,-9.661882176,3.652746106,1
127,-11.34823157,2.222164394,1
128,-9.479422518,1.271833296,1
129,-9.655512349,1.798358519,1
130,-9.885064265,2.545523771,1
131,-8.828695725,1.069752589,1
132,-10.74037602,1.161194742,1
133,-10.26030028,0.545074834,1
134,-11.05397678,2.834659683,1
135,-9.314733594,0.982262144,1
136,-8.771902387,0.652277759,1
137,-10.45252076,1.928393844,1
138,-9.798587891,0.583718457,1
139,-9.662148158,2.387024761,1
140,-11.23703081,1.346350465,1
141,-8.600706385,4.806848083,1
142,-11.83930544,1.538670702,1
143,-9.249549058,1.455170773,1
144,-9.692195005,1.902114069,1
145,-8.614111794,2.770972465,1
146,-10.56298957,0.323162676,1
147,-10.19421344,2.133254121,1
148,-10.04840351,3.226981132,1
149,-10.15469803,0.855333917,1
150,-10.36221064,1.776796331,1
151,-11.40561758,2.194235095,1
152,-10.12797821,1.742354296,1
153,-10.25503046,1.640694597,1
154,-9.52866091,2.294769097,1
155,-10.10431932,1.901087555,1
156,-11.30572843,2.822655717,1
157,-10.79994311,2.103147626,1
158,-10.08361922,2.834968996,1
159,-9.534164423,3.416133311,1
160,-11.46940692,1.481226253,1
161,-9.258637372,3.49980826,1
162,-10.94641627,0.962712771,1
163,-10.14358388,0.351879432,1
164,-11.49403037,1.735106026,1
165,-12.20983898,0.677700769,1
166,-9.866662256,3.043574721,1
167,-8.94729621,1.987462503,1
168,-8.722774793,1.648737999,1
169,-12.11317074,2.608982963,1
170,-10.0835084,3.134146756,1
171,-9.185207644,2.518876589,1
172,-10.97730579,2.516285424,1
173,-8.933608321,2.432127477,1
174,-11.78271932,1.909526308,1
175,-10.70768305,1.72819017,1
176,-10.95181211,0.951568373,1
177,-10.5634925,0.311708465,1
178,-9.987959524,1.856968885,1
179,-10.25926723,2.504254745,1
180,-11.05777123,0.62981006,1
181,-9.121128901,3.023228742,1
182,-10.21521213,0.593802279,1
183,-9.043705186,1.969164952,1
184,-10.34382446,0.374033286,1
185,-10.56882441,2.635729959,1
186,-9.777533466,1.019527227,1
187,-10.96973123,1.473254229,1
188,-10.31334843,2.069646504,1
189,-10.27425984,0.338751001,1
190,-10.04584626,1.94343744,1
191,-9.922063326,0.577518567,1
192,-10.76043045,2.660623672,1
193,-8.43307924,3.317032438,1
194,-9.815921082,1.406703036,1
195,-9.629786339,3.145323379,1
196,-11.97737015,2.773505034,1
197,-7.596307186,3.164782,1
198,-9.533834497,1.883435401,1
199,-10.17574598,2.615691337,1
200,-11.51139741,2.160387398,1
201,-10.97154716,2.433630836,1
202,-10.46509165,3.715307108,1
203,-10.61587957,2.284096307,1
204,-10.91899882,2.30408384,1
205,-9.435022877,4.749657339,1
206,-12.58086306,1.465529581,1
207,-10.75183183,3.134388742,1
208,-10.06419174,2.264232537,1
209,-11.48836282,0.253361861,1
210,-8.902176698,0.738414662,1
211,-10.08407233,3.419119799,1
212,-9.611794019,-0.297048585,1
213,-10.88051961,0.371750048,1
214,-11.56486357,0.936765934,1
215,-9.055251865,1.455332819,1
216,-9.020927696,1.222153595,1
217,-11.22919525,1.294597238,1
218,-8.901203677,2.159215864,1
219,-10.26784392,3.953883438,1
220,-8.446623882,3.696291602,1
221,-8.424598972,1.604523664,1
222,-9.570189638,1.324506787,1
223,-10.38713252,3.296959632,1
224,-9.371349941,3.412707756,1
225,-9.040848133,3.212072472,1
226,-10.06836811,2.298904052,1
227,-8.626357398,3.340677416,1
228,-11.65347848,2.547787201,1
229,-9.572824832,1.588696484,1
230,-10.609665,2.370376982,1
231,-10.05183687,1.100010253,1
232,-9.389323447,0.498802723,1
233,-8.842079902,1.939305658,1
234,-10.73012804,1.879389422,1
235,-9.535819348,1.927262618,1
236,-10.33678153,1.889005206,1
237,-9.957035853,2.493386865,1
238,-11.47504378,1.337413277,1
239,-9.242185309,1.959225003,1
240,-10.48672911,3.030792427,1
241,-9.238302255,1.878398164,1
242,-10.61807758,2.123637516,1
243,-10.37596142,0.06391045,1
244,-10.11138703,2.284257613,1
245,-8.244503561,1.357399595,1
246,-10.77502529,1.927120532,1
247,-10.78054704,2.786799891,1
248,-9.435365807,-0.50702488,1
249,-12.07380985,3.753005581,1
250,-9.564082019,2.851075064,1
251,-11.35912838,1.684957283,1
252,-9.939831071,1.059224276,1
253,-8.848820779,1.214898616,1
254,-10.42853736,3.24710243,1
255,-9.471958544,2.292560434,1
256,-10.43537099,1.815918528,1
257,-11.54422126,1.482009213,1
258,-11.36925477,-0.543206823,1
259,-10.9306591,3.723967782,1
260,-11.71206825,2.013744525,1
261,-11.9797136,2.592932389,1
262,-9.586810086,3.028077359,1
263,-8.859720896,2.904791495,1
264,-10.71661705,1.210033628,1
265,-9.447545133,1.520404693,1
266,-11.64312352,1.491750568,1
267,-8.631939475,2.772128407,1
268,-9.152460442,1.877777944,1
269,-9.605771987,0.622583995,1
270,-9.479458054,2.37406486,1
271,-9.170317063,1.334729245,1
272,-11.12805967,1.569741432,1
273,-11.36085552,0.394875079,1
274,-10.42656927,2.940290801,1
275,-10.5543156,2.231889061,1
276,-9.653096599,1.826353072,1
277,-10.11520503,0.779547316,1
278,-11.13794773,1.253819994,1
279,-10.55148284,2.661190053,1
280,-9.6129222,0.91450526,1
281,-8.404708643,2.120792765,1
282,-9.635447191,1.999317995,1
283,-9.995442127,1.111761291,1
284,-9.812342655,1.856035751,1
285,-12.19843855,0.019698371,1
286,-10.53424249,2.106462222,1
287,-9.994466734,4.634160481,1
288,-10.02579212,2.116728057,1
289,-8.005442043,2.000265982,1
290,-11.37180131,2.430923306,1
291,-9.426956364,3.352839145,1
292,-9.829106849,1.37347396,1
293,-11.81172686,2.902802702,1
294,-9.209328057,1.983925774,1
295,-9.313836183,1.201500911,1
296,-11.21793479,2.483874868,1
297,-9.65636556,2.732698696,1
298,-8.392643515,2.238794469,1
299,-10.4151785,0.830056214,1
300,-9.150094526,2.715622239,1
301,-8.968026575,1.160718625,1
302,-11.55907126,3.53751238,1
303,-10.32719372,2.11044854,1
304,-9.005304497,0.923530182,1
305,-8.159845495,0.465422286,1
306,-11.51512644,2.526871432,1
307,-10.15176764,0.811697045,1
308,-9.738418068,2.236755305,1
309,-10.66491529,-0.668905643,1
310,-8.77401041,1.159279283,1
311,-9.851014881,3.378306145,1
312,-8.563313649,1.173439557,1
313,-10.66013102,2.663964945,1
314,-9.058062925,3.919287593,1
315,-10.26245935,1.862617689,1
316,-10.55236446,3.789854554,1
317,-9.795189309,0.341654862,1
318,-10.11161216,1.264212884,1
319,-9.732300387,3.650574197,1
320,-10.66461677,2.475380278,1
321,-10.22220084,1.789115424,1
322,-8.463924263,1.152486166,1
323,-11.38748828,3.29926091,1
324,-8.985429006,2.049707548,1
325,-9.693241482,3.221082548,1
326,-7.852682534,1.707138788,1
327,-8.037121637,1.549610939,1
328,-10.90562805,1.218357148,1
329,-8.247303446,2.825165618,1
330,-10.435492,1.712597804,1
331,-10.72378622,2.28263839,1
332,-11.23960276,2.213572399,1
333,-10.63744229,2.546797505,1
334,-10.60765853,2.141412269,1
335,-9.965333555,2.701504252,1
336,-9.894755736,1.782327578,1
337,-9.839480632,0.833945336,1
338,-10.66874857,2.865622891,1
339,-9.584561848,0.498421198,1
340,-11.1557963,0.689690319,1
341,-8.133284721,2.370030199,1
342,-9.85092072,2.173630107,1
343,-10.43765574,3.277372135,1
344,-9.781244271,1.529416353,1
345,-10.16494506,3.507317173,1
346,-10.25394709,0.91988019,1
347,-8.503274195,2.025604339,1
348,-7.630499231,1.679070872,1
349,-9.713215838,1.564065124,1
350,-9.493116803,2.187081992,1
351,-9.3659938,2.920328399,1
352,-12.85246351,2.324856768,1
353,-9.389773636,1.851486095,1
354,-9.029395579,3.509079694,1
355,-9.520391539,3.059684762,1
356,-9.411857615,0.165528696,1
357,-9.860224299,1.57163535,1
358,-9.46291918,1.755554525,1
359,-10.4217465,2.691938032,1
360,-10.67413451,3.321160087,1
361,-10.67050651,2.314488274,1
362,-11.24948757,1.739075656,1
363,-8.87506382,2.903215331,1
364,-10.22005167,2.522430264,1
365,-9.679934012,2.853274425,1
366,-10.61253395,3.28306324,1
367,-8.98113145,2.527615343,1
368,-10.53852576,1.93900237,1
369,-10.71595846,2.193086858,1
370,-9.131644202,0.631099778,1
371,-10.51199707,1.80062078,1
372,-11.17017792,2.155231162,1
373,-7.500609239,2.361987512,1
374,-10.84045807,2.043432915,1
375,-9.089132855,2.15155924,1
376,-11.00859763,2.115647923,1
377,-9.237675428,1.041931017,1
378,-9.690521948,0.657407847,1
379,-10.87189647,2.388527068,1
380,-12.91468475,2.334002954,1
381,-8.050420767,3.040359248,1
382,-9.573273768,1.500207688,1
383,-10.81639152,1.796419668,1
384,-11.22872987,1.577177227,1
385,-10.19608405,4.298433233,1
386,-11.42823991,2.848372048,1
387,-12.02090575,3.533439809,1
388,-10.47783952,2.332574841,1
389,-10.21238891,2.896758179,1
390,-10.58647513,1.398228575,1
391,-10.31815483,1.738466798,1
392,-11.33457671,0.219941969,1
393,-12.00746263,2.696743756,1
394,-9.599952775,1.791568931,1
395,-10.66756003,2.782785231,1
396,-8.71991813,1.633524307,1
397,-7.965204064,0.02241704,1
398,-10.08505447,2.211494644,1
399,-10.14061334,1.630167125,1
400,-9.270748652,1.611209782,1
401,-9.252684805,2.209688536,1
402,-10.52601775,3.981361714,1
403,-11.79411873,2.261314153,1
404,-9.184051968,3.166263362,1
405,-11.80610329,3.900668682,1
406,-7.986352821,0.665769031,1
407,-10.0942425,2.44122331,1
408,-9.011154565,2.905026892,1
409,-10.08289763,2.994094559,1
410,-10.60244358,1.433501539,1
411,-9.778267483,1.675924581,1
412,-9.724252375,2.125507056,1
413,-11.21879911,2.168285405,1
414,-9.46119149,3.212812612,1
415,-10.45853858,0.031520413,1
416,-10.64473777,0.152146983,1
417,-9.357099931,1.603742149,1
418,-10.0320231,1.605547461,1
419,-13.27222767,1.621219568,1
420,-11.51682065,0.526527408,1
421,-8.354397361,0.699137487,1
422,-8.848210242,1.77473128,1
423,-10.01220822,3.353984467,1
424,-8.611236646,2.662760412,1
425,-11.02709331,2.761262397,1
426,-11.05731834,3.698778482,1
427,-10.86839566,3.785543789,1
428,-9.132957145,2.324878564,1
429,-10.22877287,0.965197913,1
430,-10.72168013,2.052918021,1
431,-11.00621475,1.62674236,1
432,-11.96218484,3.092673563,1
433,-11.27966417,1.520980614,1
434,-9.918656308,-0.81488059,1
435,-10.62434524,1.23655047,1
436,-10.99111018,1.142611158,1
437,-9.283220744,2.090377963,1
438,-8.535489141,2.227509008,1
439,-10.82220352,2.149818924,1
440,-9.717733416,2.403859579,1
441,-10.13150201,2.833977938,1
442,-9.691940675,-0.336985125,1
443,-8.877496887,2.531975278,1
444,-9.149736216,1.278355599,1
445,-8.995938852,1.981598879,1
446,-9.518677717,1.525826342,1
447,-8.809865869,1.581920821,1
448,-10.44224767,2.014423384,1
449,-7.841494979,0.543643761,1
450,-11.69063116,0.82397009,1
451,-9.180414398,1.801885363,1
452,-8.290550906,1.579116077,1
453,-10.74272403,2.805054745,1
454,-11.76459317,2.408072572,1
455,-8.478407966,2.753446255,1
456,-10.07446038,2.729545666,1
457,-11.25135658,2.803824413,1
458,-10.42855724,3.772190221,1
459,-8.695364636,2.982321624,1
460,-10.28762761,0.927962293,1
461,-9.871990059,3.266499378,1
462,-9.980764885,1.542020662,1
463,-9.348400871,1.065569257,1
464,-9.799036588,2.07451763,1
465,-9.305157806,1.973619225,1
466,-7.390874156,1.597776639,1
467,-9.710201246,1.464708767,1
468,-9.540212531,1.802255904,1
469,-7.757267377,0.7784837,1
470,-9.716336179,2.260578852,1
471,-10.98861976,0.69964256,1
472,-11.95397994,1.260455456,1
473,-9.176258161,3.047416032,1
474,-10.89334495,2.377454949,1
475,-11.05484674,3.347236424,1
476,-11.13597147,1.465792085,1
477,-9.724025789,0.610918371,1
478,-9.780165385,0.105835152,1
479,-10.130246,1.639025453,1
480,-9.402369405,1.419997593,1
481,-11.05616355,3.356913905,1
482,-10.0212714,2.141439677,1
483,-10.17451167,1.35366148,1
484,-10.13285393,1.144671002,1
485,-11.88673926,2.41021679,1
486,-9.56349069,2.927023383,1
487,-6.354459141,0.879719993,1
488,-11.68083679,2.200066771,1
489,-10.09093941,3.586455866,1
490,-12.13366777,1.282204802,1
491,-9.367625337,1.193513064,1
492,-10.08162175,1.210973973,1
493,-8.400705181,1.833070399,1
494,-9.123118763,2.443649829,1
495,-11.04473189,2.60966066,1
496,-10.21187015,1.604458411,1
497,-10.31836229,2.838977342,1
498,-10.77772598,3.966037819,1
499,-8.242816062,1.267152843,1
500,-11.00826064,3.93882056,1
501,-10.36610134,1.902102312,1
502,-9.119356966,1.794814467,1
503,-9.287506069,1.609511668,1
504,-10.10607432,3.16473061,1
505,-8.595650541,2.31573994,1
506,-9.111103324,1.784414333,1
507,-10.69559921,1.786252758,1
508,-10.64825296,2.191220294,1
509,-9.941523078,2.723514138,1
510,-9.050482601,2.512562418,1
511,-10.60557273,0.740871574,1
512,-10.65376452,2.008705358,1
513,-9.60688283,3.605299569,1
514,-10.40254957,1.863940714,1
515,-9.918737522,3.904822107,1
516,-10.73161567,2.717047674,1
517,-10.61461347,2.68180711,1
518,-10.16081286,1.813358302,1
519,-10.96056866,2.71276409,1
520,-8.591580356,0.969418121,1
521,-8.727338165,0.979694499,1
522,-10.04917164,0.519745416,1
523,-10.89427773,2.307025956,1
524,-9.40360884,1.20121462,1
525,-10.15833973,2.218148402,1
526,-10.71335196,1.666086118,1
527,-10.21326109,2.996864382,1
528,-9.091680432,4.212487857,1
529,-10.6339434,2.972988324,1
530,-9.337181296,1.229558116,1
531,-8.837531629,2.177509548,1
532,-10.44020547,1.796627362,1
533,-11.48485178,2.02576949,1
534,-9.655080756,1.10048069,1
535,-8.551042465,3.1494808,1
536,-9.104070925,1.829846418,1
537,-12.03009666,1.51501517,1
538,-8.961192386,3.252381747,1
539,-11.33135584,0.089802279,1
540,-9.538123615,0.951992809,1
541,-10.97194661,2.641439252,1
542,-11.47214671,2.190524194,1
543,-10.09245712,3.121060551,1
544,-11.16843156,1.313287461,1
545,-12.62147351,1.458324712,1
546,-11.97158483,2.995003493,1
547,-11.02747802,1.499043396,1
548,-9.393867385,2.786842309,1
549,-8.504271863,0.972480489,1
550,-8.257049341,2.511885518,1
551,-9.666206285,2.376486407,1
552,-11.548636,2.073094618,1
553,-11.08623406,1.199498821,1
554,-8.909803833,1.387722492,1
555,-10.3599418,3.025015813,1
556,-8.853126365,1.878022961,1
557,-11.44975978,2.083330148,1
558,-10.64876138,1.963539443,1
559,-9.046237935,-2.07475706,1
560,-10.23776964,4.316716484,1
561,-9.088647638,1.738378911,1
562,-10.48840029,1.078036004,1
563,-9.342899099,1.614442836,1
564,-10.24547436,1.337779496,1
565,-11.01855555,3.172354309,1
566,-8.743765465,2.672343078,1
567,-10.0757544,2.175160471,1
568,-12.5933427,2.911997816,1
569,-12.08236214,2.234162304,1
570,-8.982066987,1.976978655,1
571,-9.633632819,2.50653775,1
572,-10.35063339,2.329553426,1
573,-11.96930771,3.49749156,1
574,-10.42155205,1.446390973,1
575,-10.93704131,2.233184602,1
576,-10.39543428,1.429739767,1
577,-10.39161821,1.220769922,1
578,-10.63048094,3.558860366,1
579,-10.53154562,1.535443269,1
580,-10.63920778,1.778232517,1
581,-10.97195221,2.50339158,1
582,-9.876269489,1.807561134,1
583,-11.01739547,3.629803814,1
584,-11.44539682,0.556082456,1
585,-10.53706289,0.289315653,1
586,-12.5620757,0.972950031,1
587,-9.126408482,1.678821838,1
588,-9.573713595,0.560543889,1
589,-11.47745576,1.738912818,1
590,-11.844249,1.871918117,1
591,-8.953637293,2.358098024,1
592,-9.38775724,0.592737976,1
593,-11.62825672,2.534963031,1
594,-12.13977035,1.936980932,1
595,-9.09529934,1.743224773,1
596,-8.925606221,1.710362201,1
597,-10.67666614,0.969277919,1
598,-9.456081886,1.656975541,1
599,-8.919463613,2.885991649,1
600,-9.733973407,2.427861007,1
601,-13.13727897,2.412701356,1
602,-9.870045846,2.612393467,1
603,-10.04237758,1.578210968,1
604,-10.0336996,2.327655154,1
605,-12.3021758,1.031335509,1
606,-10.68255337,1.985896578,1
607,-9.540531128,2.068281423,1
608,-9.300609692,1.656542665,1
609,-9.663848051,1.910029994,1
610,-8.365896281,0.101825763,1
611,-11.77916249,1.799837879,1
612,-10.27792502,0.405679717,1
613,-8.870831279,3.43571714,1
614,-13.37970057,1.794903487,1
615,-9.860589557,1.745055443,1
616,-9.59043008,2.181239843,1
617,-10.01950455,0.918216418,1
618,-9.11019415,1.378736709,1
619,-10.86327071,1.37137665,1
620,-10.93284022,2.440811784,1
621,-7.80732094,1.541107704,1
622,-11.07882565,2.169120957,1
623,-11.25381573,2.446048246,1
624,-9.095159396,3.274019517,1
625,-10.07069106,0.642788035,1
626,-9.93048774,1.851362097,1
627,-9.133133181,3.941057254,1
628,-9.474813136,2.537361206,1
629,-9.323561781,2.029502965,1
630,-9.596516026,1.803129108,1
631,-10.07007409,4.886550793,1
632,-11.57223263,1.620852801,1
633,-10.57593696,1.20351462,1
634,-10.6787765,1.743465506,1
635,-9.152442444,0.080403696,1
636,-9.770892413,1.163053612,1
637,-11.44115534,1.727325842,1
638,-8.164683025,0.80111075,1
639,-9.443450677,1.521075448,1
640,-8.690491372,2.835899042,1
641,-10.53623673,1.490044194,1
642,-10.74255652,1.594207586,1
643,-9.131022815,1.019772602,1
644,-10.32656595,2.600383972,1
645,-9.943142899,1.684775404,1
646,-10.47057812,2.448472804,1
647,-11.40208756,1.719844651,1
648,-9.160891075,3.44137334,1
649,-9.03389895,4.458006465,1
650,-10.40655188,1.195771095,1
651,-10.56857999,1.835126717,1
652,-9.281740617,3.620285997,1
653,-10.10646092,1.611319121,1
654,-10.6270076,1.090299493,1
655,-11.90786378,2.619654228,1
656,-11.38954723,3.658279854,1
657,-11.28468194,3.650963909,1
658,-9.880800156,2.362061853,1
659,-12.72646204,3.056223416,1
660,-11.38475257,1.730035726,1
661,-10.06745972,2.585654962,1
662,-8.470700486,1.376173559,1
663,-9.466383489,1.608895894,1
664,-9.607471814,2.840133704,1
665,-9.886567588,1.426886949,1
666,-10.09720151,2.43651228,1
667,-9.518800165,4.377108719,1
668,-11.26180096,2.295279638,1
669,-11.18805061,1.146986796,1
670,-10.79704618,2.455608889,1
671,-9.415273813,0.293411471,1
672,-10.24599113,0.17921216,1
673,-9.447999918,0.364715071,1
674,-10.09147196,2.166830565,1
675,-10.46913718,3.145598178,1
676,-9.893533292,1.211719934,1
677,-10.04275582,1.650558531,1
678,-10.95745888,1.974067353,1
679,-10.05783499,1.305681251,1
680,-10.56524431,1.037770874,1
681,-11.37485709,1.979315936,1
682,-8.825802977,0.953044767,1
683,-11.61175762,3.378022266,1
684,-9.731925666,2.024817921,1
685,-10.22806567,1.75365597,1
686,-9.362071695,2.470360942,1
687,-9.498369182,3.820691847,1
688,-9.780351896,0.372991776,1
689,-10.19382479,3.220089989,1
690,-9.750736374,0.843916342,1
691,-10.64249355,2.295969085,1
692,-7.907154099,2.681055215,1
693,-10.86860121,0.736419634,1
694,-9.077089025,2.576179476,1
695,-10.20345701,2.580760663,1
696,-9.93167946,1.948778582,1
697,-9.153147235,0.851435303,1
698,-10.62728873,3.584565966,1
699,-9.27397244,2.023334465,1
700,-10.24462597,1.622286612,1
701,-11.49753938,1.355121548,1
702,-9.602940765,3.103049819,1
703,-10.99646269,0.145121149,1
704,-9.768092877,0.505324307,1
705,-9.482949612,1.750146001,1
706,-8.904103652,2.834619156,1
707,-12.88642251,1.370774695,1
708,-9.495089903,2.094466872,1
709,-10.13570765,2.291054494,1
710,-8.368488926,3.83666468,1
711,-10.93394613,1.490136613,1
712,-8.862253811,2.145608139,1
713,-11.21462677,0.623386967,1
714,-10.51807395,1.46201443,1
715,-11.18557188,2.37487802,1
716,-10.21209944,2.890880542,1
717,-9.264381347,2.600014844,1
718,-11.89332999,3.230305399,1
719,-9.869762789,0.665358035,1
720,-9.265450057,-0.754060975,1
721,-8.675729327,1.09392234,1
722,-8.464367027,0.43505415,1
723,-10.47573976,1.288602757,1
724,-9.025136698,2.057770646,1
725,-10.50956492,3.711843124,1
726,-9.808961327,0.674856121,1
727,-10.45168879,3.431979305,1
728,-10.19414233,2.34080494,1
729,-10.00391955,3.871616619,1
730,-10.19463372,2.24832005,1
731,-9.336790852,3.787076197,1
732,-9.658221689,1.550511649,1
733,-10.18508834,2.115990564,1
734,-11.04343866,1.559904769,1
735,-10.19305779,3.11497834,1
736,-11.41344292,1.861777331,1
737,-11.80661699,2.025350915,1
738,-10.77415802,1.947135246,1
739,-11.14386921,3.084908388,1
740,-10.79833126,2.192002014,1
741,-10.09569504,1.622235973,1
742,-11.6820398,2.5351105,1
743,-8.610786087,0.825183613,1
744,-10.60921027,1.680003321,1
745,-10.22109032,2.834994061,1
746,-9.095369663,1.518427946,1
747,-9.533909413,1.894573154,1
748,-11.17404255,1.921974575,1
749,-9.96858563,2.044564243,1
750,-8.836322915,3.192140372,1
751,-10.44656601,2.661138171,1
752,-10.46900272,2.748259772,1
753,-9.33694535,3.004079306,1
754,-10.46647251,0.315545958,1
755,-12.38512064,2.570727991,1
756,-9.31007988,0.310707811,1
757,-7.608252279,1.389939371,1
758,-9.903399665,3.566838457,1
759,-9.767661926,1.212377671,1
760,-9.32742472,2.113678768,1
761,-7.881086997,1.785948791,1
762,-9.142183873,3.183993042,1
763,-11.0368739,1.551960013,1
764,-10.92813681,0.365398664,1
765,-10.88768046,1.564904428,1
766,-11.02648887,2.871074434,1
767,-9.131859198,1.742039291,1
768,-11.26712444,2.148884469,1
769,-9.562207796,1.107982336,1
770,-8.822454622,2.909979224,1
771,-10.28582211,0.675703068,1
772,-9.517009848,0.324455205,1
773,-9.677177016,3.052763997,1
774,-10.02664907,1.19965568,1
775,-9.554687866,4.310358867,1
776,-10.01173154,2.739128024,1
777,-8.850502721,1.545429032,1
778,-8.155596108,2.281919472,1
779,-8.285505863,2.276596818,1
780,-10.02823389,4.176838305,1
781,-9.086778024,1.380537344,1
782,-11.44215304,2.812154331,1
783,-11.14470793,-0.034703763,1
784,-10.09895002,2.175931675,1
785,-8.226473772,4.139006268,1
786,-9.215372164,3.88731771,1
787,-9.460233496,2.408580636,1
788,-11.74020641,2.585299858,1
789,-7.606670405,2.483571162,1
790,-9.963943436,2.614146006,1
791,-9.697229623,2.679923641,1
792,-9.230942695,3.173510322,1
793,-9.294432144,1.614532376,1
794,-10.34939842,3.4923611,1
795,-10.85518837,2.782574827,1
796,-8.877761237,2.759251062,1
797,-9.888240588,2.417893873,1
798,-10.31166889,2.624622646,1
799,-8.676670764,1.739979072,1
800,-10.92755565,2.425359656,1
801,-8.882540722,1.827112959,1
802,-10.92797201,1.830722228,1
803,-11.64568881,1.661160009,1
804,-10.12260809,2.601891506,1
805,-8.700162715,0.902181571,1
806,-8.324557415,1.138542976,1
807,-7.640309224,1.734149188,1
808,-9.746225222,0.428896499,1
809,-11.22580509,1.070263578,1
810,-11.88213656,1.664903979,1
811,-8.292738359,1.961215313,1
812,-11.36568858,2.572284701,1
813,-11.0846813,1.404406318,1
814,-10.22317154,1.623425373,1
815,-10.6459471,2.124179433,1
816,-10.8010382,0.059198737,1
817,-10.74182846,1.267100964,1
818,-9.231828326,0.415716331,1
819,-9.649596064,2.46421184,1
820,-10.13402714,-0.392604121,1
821,-7.995192975,2.080167765,1
822,-10.82060847,1.988842676,1
823,-9.181175807,0.908460192,1
824,-10.07500226,1.463640355,1
825,-10.10680969,0.822680646,1
826,-10.67198276,3.895236631,1
827,-9.583795017,3.46123978,1
828,-10.2509541,2.293084612,1
829,-11.04046332,2.160456042,1
830,-11.00038492,2.568683095,1
831,-11.45578729,0.270940785,1
832,-11.52717671,1.607233276,1
833,-10.70877952,1.263329322,1
834,-9.630031941,1.193097773,1
835,-10.26526275,3.386480251,1
836,-10.88775993,0.666658853,1
837,-8.742683227,1.681195407,1
838,-11.474587,2.255894247,1
839,-9.923087633,2.719513969,1
840,-9.19902015,0.331342878,1
841,-9.743567299,3.194364744,1
842,-8.860495302,3.884579047,1
843,-10.05864912,0.842622461,1
844,-9.207974129,1.174476374,1
845,-9.94639875,1.767854264,1
846,-10.59014718,-0.264803633,1
847,-8.580556437,3.035810644,1
848,-10.05002486,0.95453389,1
849,-9.976926284,2.331645536,1
850,-8.483221848,3.006576552,1
851,-10.53214369,2.505466424,1
852,-11.09235505,2.766641018,1
853,-10.2953265,3.192238239,1
854,-10.66995628,2.418128958,1
855,-9.554676321,2.213928723,1
856,-9.519989264,1.526990652,1
857,-10.89359956,1.845365401,1
858,-10.88713522,1.043910104,1
859,-9.526620314,1.192327765,1
860,-9.998329998,1.18387219,1
861,-11.09510814,2.176559954,1
862,-9.93655542,2.008836902,1
863,-10.15464792,1.529459045,1
864,-11.01580622,-0.146472996,1
865,-9.677518039,1.217419846,1
866,-11.15316748,0.56031762,1
867,-10.196553,2.794480105,1
868,-8.582673497,0.633861516,1
869,-10.71837787,1.00893135,1
870,-10.70507419,1.730921848,1
871,-8.35804559,2.601545652,1
872,-10.06014784,1.886715947,1
873,-11.35505883,1.574070043,1
874,-8.810674995,2.351608124,1
875,-10.58045379,1.361880029,1
876,-10.07639074,0.740776538,1
877,-9.55734979,2.188332907,1
878,-9.957639725,1.131356951,1
879,-10.46539425,2.564442749,1
880,-8.528898417,2.317746021,1
881,-10.4621074,2.954961325,1
882,-11.9436727,3.040364764,1
883,-10.61412433,4.204974796,1
884,-9.39933123,2.428364078,1
885,-8.508839426,1.888560768,1
886,-9.695565854,2.937842091,1
887,-10.56682373,4.16651422,1
888,-9.590497758,3.655054225,1
889,-10.34768669,1.679931696,1
890,-10.02754917,3.063831935,1
891,-11.64412888,1.775929793,1
892,-9.798255682,0.06380232,1
893,-9.708796393,1.769410744,1
894,-8.505508576,2.311983299,1
895,-10.64177571,0.793589583,1
896,-9.841786863,3.014178878,1
897,-10.49482583,1.765868399,1
898,-8.18231563,1.976870867,1
899,-11.19482293,2.77723764,1
900,-11.7883989,3.204651656,1
901,-9.988106312,0.411686379,1
902,-10.20118592,3.775321142,1
903,-10.55601818,1.773497378,1
904,-10.40383855,2.118519193,1
905,-9.805045689,2.143705586,1
906,-9.994997077,1.700601604,1
907,-10.34037024,1.636940575,1
908,-9.922525289,2.333706588,1
909,-9.1069633,2.625769227,1
910,-10.43898206,1.295407439,1
911,-9.265587624,0.900294863,1
912,-8.862302681,1.180221775,1
913,-10.76772623,1.563560691,1
914,-8.992528058,2.811740344,1
915,-9.846965744,0.916394122,1
916,-11.27761114,1.500848681,1
917,-7.124859982,2.811846754,1
918,-9.261067452,2.816070306,1
919,-9.583398785,0.341522594,1
920,-11.32305582,0.476404274,1
921,-9.433008436,2.527334768,1
922,-10.69946625,1.190909098,1
923,-10.85121413,0.562235679,1
924,-10.63564713,0.625205772,1
925,-11.09117387,2.266699434,1
926,-10.48797945,1.264453235,1
927,-9.967944659,0.962678202,1
928,-8.868788894,1.572701447,1
929,-10.60150285,3.065409932,1
930,-9.599910711,3.662802404,1
931,-9.92417618,2.457258901,1
932,-11.71141256,1.893870642,1
933,-9.259468802,1.161678378,1
934,-10.22721138,0.117277245,1
935,-10.8319499,-0.333393467,1
936,-10.45806619,2.702480851,1
937,-9.106144261,2.114762241,1
938,-8.842008551,2.114778898,1
939,-8.795450775,4.454993507,1
940,-7.19917712,1.677082603,1
941,-8.917280255,1.090111719,1
942,-10.1331235,3.592485833,1
943,-10.47004447,1.365485192,1
944,-10.74150926,0.96049134,1
945,-10.00544906,3.225347659,1
946,-8.716907546,2.572044748,1
947,-10.49373434,2.198518804,1
948,-9.877454745,1.724594642,1
949,-10.62635873,2.559185652,1
950,-11.51531605,2.971594071,1
951,-11.36557243,0.699353849,1
952,-9.705431972,2.09115341,1
953,-8.817819751,0.908674614,1
954,-8.53867967,1.268321782,1
955,-9.561780841,2.578667196,1
956,-10.00010524,1.174233709,1
957,-9.749659825,4.125117805,1
958,-9.982242364,1.996943552,1
959,-9.592510287,3.737004627,1
960,-11.05568022,2.605030702,1
961,-10.78149185,2.225418378,1
962,-9.815706983,1.112106065,1
963,-10.33634236,1.733981244,1
964,-11.89165996,1.376915136,1
965,-10.17481812,1.811763537,1
966,-10.67613834,0.359945723,1
967,-10.02062195,1.339721953,1
968,-10.68664012,1.520245857,1
969,-10.54206563,1.962101307,1
970,-8.977265352,2.659210059,1
971,-10.36224993,3.233143704,1
972,-10.82117196,1.155144065,1
973,-10.89030317,2.287961587,1
974,-10.16142004,2.758212986,1
975,-10.36334576,2.577413566,1
976,-9.336014072,1.849270933,1
977,-10.37428505,3.89253696,1
978,-9.248209204,2.031140983,1
979,-8.308389143,3.056870127,1
980,-11.05876543,1.308757303,1
981,-9.662724339,2.856122219,1
982,-8.883410164,3.340181746,1
983,-12.68860136,1.749949032,1
984,-11.32452326,3.288479111,1
985,-9.426816099,3.455548622,1
986,-9.009202889,0.819769992,1
987,-9.333770466,2.340018219,1
988,-10.40873425,3.421826115,1
989,-10.77193096,1.706227091,1
990,-12.25361005,2.721191533,1
991,-11.10350838,3.176769025,1
992,-10.22409262,2.169354558,1
993,-7.063445275,1.89605222,1
994,-9.941299485,2.78482677,1
995,-10.3723419,1.429914121,1
996,-7.962527161,1.778902273,1
997,-9.334692729,1.791450597,1
998,-9.661981631,2.045985337,1
999,-10.93577533,2.202748039,1
1000,-10.01188337,3.16384244,1
1001,-2.749406084,2.242742008,2
1002,-2.155203302,1.905299197,2
1003,-2.880465495,4.229221169,2
1004,-1.645642603,2.981478209,2
1005,-1.700775624,1.85687383,2
1006,-2.948869372,2.087358794,2
1007,-3.030498105,4.217544284,2
1008,-3.133772532,1.146533498,2
1009,-2.428909128,3.442319962,2
1010,-2.308426653,1.355073871,2
1011,-2.186444604,2.856838168,2
1012,-1.705584756,2.743369857,2
1013,-3.162315926,1.750694312,2
1014,-0.181903559,1.44931564,2
1015,-2.822156572,3.062354767,2
1016,-3.47544526,2.461056143,2
1017,-4.731268164,3.420492746,2
1018,-2.943323119,2.612471651,2
1019,-5.483628814,2.776753668,2
1020,-2.815967221,3.603187189,2
1021,-4.254659816,3.038894865,2
1022,-3.102429835,2.278727242,2
1023,-2.74352016,2.246887018,2
1024,-1.921072682,4.171099669,2
1025,-2.01537669,2.306575639,2
1026,-2.13629965,1.290472942,2
1027,-1.50715845,3.566123289,2
1028,-2.531630114,3.140313855,2
1029,-2.824507671,2.167224324,2
1030,-2.485439446,1.299258278,2
1031,-3.626685516,5.128323881,2
1032,-3.333796346,4.334342037,2
1033,-1.949307022,4.395815704,2
1034,-2.991291662,1.874284578,2
1035,-3.860518708,3.111892404,2
1036,-2.866560131,2.862028249,2
1037,-3.449427824,3.102957896,2
1038,-2.599436455,3.502281736,2
1039,-2.770575186,2.831939618,2
1040,-3.380272976,2.640956945,2
1041,-4.284511533,3.256712457,2
1042,-4.410589035,2.796821538,2
1043,-2.530158659,3.092968256,2
1044,-3.159895007,2.767789579,2
1045,-2.092422679,2.949229673,2
1046,-4.6831409,5.408452005,2
1047,-3.17441788,2.163732335,2
1048,-4.345407587,3.815552587,2
1049,-4.232362753,2.182045469,2
1050,-4.194053982,3.528014115,2
1051,-3.707516235,0.716016793,2
1052,-2.141974051,4.768224129,2
1053,-3.494949487,2.93730228,2
1054,-3.440294368,1.522723354,2
1055,-2.127976367,2.989856788,2
1056,-3.172718169,2.744055403,2
1057,-2.690318575,3.841339508,2
1058,-4.034601444,3.221179911,2
1059,-1.960861263,2.651352766,2
1060,-2.119183128,3.806945729,2
1061,-4.00380772,1.835997154,2
1062,-3.688745209,2.530233634,2
1063,-2.319831867,2.796348281,2
1064,-1.989273107,3.649151009,2
1065,-3.339967119,2.774452193,2
1066,-2.757019932,3.065648058,2
1067,-3.636758582,2.886994691,2
1068,-2.034915025,4.42614798,2
1069,-2.927849156,3.632663445,2
1070,-2.368810693,1.65729579,2
1071,-3.097997486,2.103348687,2
1072,-3.493596925,1.906859178,2
1073,-2.143138561,4.854095805,2
1074,-2.418594528,2.550943242,2
1075,-3.016545079,1.897509099,2
1076,-2.146866919,3.952429979,2
1077,-2.295004508,2.173078705,2
1078,-1.701445295,3.053593192,2
1079,-2.578717109,2.75777903,2
1080,-3.845811493,3.930538624,2
1081,-2.67092739,2.238120502,2
1082,-2.635443733,2.989366963,2
1083,-3.221964374,3.575409938,2
1084,-3.497370219,4.186271968,2
1085,-2.129708574,2.197752748,2
1086,-2.382646092,3.106552761,2
1087,-4.070542767,1.51564793,2
1088,-1.97918364,4.583747094,2
1089,-2.917423053,4.498419219,2
1090,-2.310697788,2.211222427,2
1091,-4.261257507,4.069994504,2
1092,-3.976722616,3.150226296,2
1093,-1.914723555,3.126811609,2
1094,-2.744454119,3.715148928,2
1095,-1.659679266,3.253847489,2
1096,-2.327921987,2.96977802,2
1097,-3.858139398,2.120353224,2
1098,-2.611980018,2.000273906,2
1099,-1.563055278,2.94834117,2
1100,-3.31762799,4.608738308,2
1101,-2.090956548,2.880602391,2
1102,-2.659694065,5.132615146,2
1103,-2.650599253,2.861339671,2
1104,-1.014790156,2.708363018,2
1105,-4.951224024,3.859245786,2
1106,-4.033481451,3.251518033,2
1107,-3.937923656,2.08080235,2
1108,-3.013809084,2.124656901,2
1109,-3.71960753,2.959548849,2
1110,-3.48024243,4.075291264,2
1111,-2.576985791,5.018908508,2
1112,-4.262604495,1.917968644,2
1113,-4.130251433,2.460436315,2
1114,-3.165563093,2.365127541,2
1115,-3.290977045,3.497924471,2
1116,-1.096971273,3.099875409,2
1117,-2.593691765,2.721155086,2
1118,-2.515419662,3.41711942,2
1119,-2.854355437,1.230469403,2
1120,-5.677490664,1.223029854,2
1121,-4.076786776,1.091169837,2
1122,-4.420598081,2.228559877,2
1123,-4.196767678,3.842969329,2
1124,-2.266004005,2.332330855,2
1125,-2.885070667,1.883969303,2
1126,-2.661882176,4.652746106,2
1127,-4.348231567,3.222164394,2
1128,-2.479422518,2.271833296,2
1129,-2.655512349,2.798358519,2
1130,-2.885064265,3.545523771,2
1131,-1.828695725,2.069752589,2
1132,-3.740376018,2.161194742,2
1133,-3.260300284,1.545074834,2
1134,-4.05397678,3.834659683,2
1135,-2.314733594,1.982262144,2
1136,-1.771902387,1.652277759,2
1137,-3.452520762,2.928393844,2
1138,-2.798587891,1.583718457,2
1139,-2.662148158,3.387024761,2
1140,-4.237030811,2.346350465,2
1141,-1.600706385,5.806848083,2
1142,-4.839305444,2.538670702,2
1143,-2.249549058,2.455170773,2
1144,-2.692195005,2.902114069,2
1145,-1.614111794,3.770972465,2
1146,-3.562989573,1.323162676,2
1147,-3.194213443,3.133254121,2
1148,-3.048403508,4.226981132,2
1149,-3.154698028,1.855333917,2
1150,-3.362210643,2.776796331,2
1151,-4.405617578,3.194235095,2
1152,-3.127978207,2.742354296,2
1153,-3.255030459,2.640694597,2
1154,-2.52866091,3.294769097,2
1155,-3.104319323,2.901087555,2
1156,-4.305728428,3.822655717,2
1157,-3.79994311,3.103147626,2
1158,-3.083619215,3.834968996,2
1159,-2.534164423,4.416133311,2
1160,-4.469406923,2.481226253,2
1161,-2.258637372,4.49980826,2
1162,-3.946416268,1.962712771,2
1163,-3.143583876,1.351879432,2
1164,-4.494030371,2.735106026,2
1165,-5.209838978,1.677700769,2
1166,-2.866662256,4.043574721,2
1167,-1.94729621,2.987462503,2
1168,-1.722774793,2.648737999,2
1169,-5.113170736,3.608982963,2
1170,-3.0835084,4.134146756,2
1171,-2.185207644,3.518876589,2
1172,-3.977305794,3.516285424,2
1173,-1.933608321,3.432127477,2
1174,-4.78271932,2.909526308,2
1175,-3.707683051,2.72819017,2
1176,-3.951812108,1.951568373,2
1177,-3.5634925,1.311708465,2
1178,-2.987959524,2.856968885,2
1179,-3.259267226,3.504254745,2
1180,-4.057771227,1.62981006,2
1181,-2.121128901,4.023228742,2
1182,-3.215212127,1.593802279,2
1183,-2.043705186,2.969164952,2
1184,-3.343824461,1.374033286,2
1185,-3.568824406,3.635729959,2
1186,-2.777533466,2.019527227,2
1187,-3.969731231,2.473254229,2
1188,-3.313348428,3.069646504,2
1189,-3.274259843,1.338751001,2
1190,-3.045846262,2.94343744,2
1191,-2.922063326,1.577518567,2
1192,-3.760430453,3.660623672,2
1193,-1.43307924,4.317032438,2
1194,-2.815921082,2.406703036,2
1195,-2.629786339,4.145323379,2
1196,-4.977370151,3.773505034,2
1197,-0.596307186,4.164782,2
1198,-2.533834497,2.883435401,2
1199,-3.175745981,3.615691337,2
1200,-4.511397412,3.160387398,2
1201,-3.971547163,3.433630836,2
1202,-3.465091646,4.715307108,2
1203,-3.615879566,3.284096307,2
1204,-3.918998819,3.30408384,2
1205,-2.435022877,5.749657339,2
1206,-5.580863061,2.465529581,2
1207,-3.751831834,4.134388742,2
1208,-3.064191743,3.264232537,2
1209,-4.488362823,1.253361861,2
1210,-1.902176698,1.738414662,2
1211,-3.084072332,4.419119799,2
1212,-2.611794019,0.702951415,2
1213,-3.88051961,1.371750048,2
1214,-4.564863573,1.936765934,2
1215,-2.055251865,2.455332819,2
1216,-2.020927696,2.222153595,2
1217,-4.22919525,2.294597238,2
1218,-1.901203677,3.159215864,2
1219,-3.26784392,4.953883438,2
1220,-1.446623882,4.696291602,2
1221,-1.424598972,2.604523664,2
1222,-2.570189638,2.324506787,2
1223,-3.387132524,4.296959632,2
1224,-2.371349941,4.412707756,2
1225,-2.040848133,4.212072472,2
1226,-3.068368108,3.298904052,2
1227,-1.626357398,4.340677416,2
1228,-4.653478476,3.547787201,2
1229,-2.572824832,2.588696484,2
1230,-3.609665003,3.370376982,2
1231,-3.051836875,2.100010253,2
1232,-2.389323447,1.498802723,2
1233,-1.842079902,2.939305658,2
1234,-3.730128042,2.879389422,2
1235,-2.535819348,2.927262618,2
1236,-3.336781527,2.889005206,2
1237,-2.957035853,3.493386865,2
1238,-4.475043777,2.337413277,2
1239,-2.242185309,2.959225003,2
1240,-3.486729107,4.030792427,2
1241,-2.238302255,2.878398164,2
1242,-3.618077575,3.123637516,2
1243,-3.375961417,1.06391045,2
1244,-3.11138703,3.284257613,2
1245,-1.244503561,2.357399595,2
1246,-3.775025285,2.927120532,2
1247,-3.780547037,3.786799891,2
1248,-2.435365807,0.49297512,2
1249,-5.073809845,4.753005581,2
1250,-2.564082019,3.851075064,2
1251,-4.359128382,2.684957283,2
1252,-2.939831071,2.059224276,2
1253,-1.848820779,2.214898616,2
1254,-3.428537358,4.24710243,2
1255,-2.471958544,3.292560434,2
1256,-3.435370986,2.815918528,2
1257,-4.544221264,2.482009213,2
1258,-4.369254771,0.456793177,2
1259,-3.930659097,4.723967782,2
1260,-4.712068252,3.013744525,2
1261,-4.979713597,3.592932389,2
1262,-2.586810086,4.028077359,2
1263,-1.859720896,3.904791495,2
1264,-3.716617047,2.210033628,2
1265,-2.447545133,2.520404693,2
1266,-4.643123523,2.491750568,2
1267,-1.631939475,3.772128407,2
1268,-2.152460442,2.877777944,2
1269,-2.605771987,1.622583995,2
1270,-2.479458054,3.37406486,2
1271,-2.170317063,2.334729245,2
1272,-4.128059669,2.569741432,2
1273,-4.360855521,1.394875079,2
1274,-3.426569271,3.940290801,2
1275,-3.554315597,3.231889061,2
1276,-2.653096599,2.826353072,2
1277,-3.115205026,1.779547316,2
1278,-4.137947734,2.253819994,2
1279,-3.551482838,3.661190053,2
1280,-2.6129222,1.91450526,2
1281,-1.404708643,3.120792765,2
1282,-2.635447191,2.999317995,2
1283,-2.995442127,2.111761291,2
1284,-2.812342655,2.856035751,2
1285,-5.198438554,1.019698371,2
1286,-3.534242495,3.106462222,2
1287,-2.994466734,5.634160481,2
1288,-3.025792116,3.116728057,2
1289,-1.005442043,3.000265982,2
1290,-4.371801314,3.430923306,2
1291,-2.426956364,4.352839145,2
1292,-2.829106849,2.37347396,2
1293,-4.811726865,3.902802702,2
1294,-2.209328057,2.983925774,2
1295,-2.313836183,2.201500911,2
1296,-4.21793479,3.483874868,2
1297,-2.65636556,3.732698696,2
1298,-1.392643515,3.238794469,2
1299,-3.415178498,1.830056214,2
1300,-2.150094526,3.715622239,2
1301,-1.968026575,2.160718625,2
1302,-4.559071265,4.53751238,2
1303,-3.327193719,3.11044854,2
1304,-2.005304497,1.923530182,2
1305,-1.159845495,1.465422286,2
1306,-4.515126438,3.526871432,2
1307,-3.151767641,1.811697045,2
1308,-2.738418068,3.236755305,2
1309,-3.66491529,0.331094357,2
1310,-1.77401041,2.159279283,2
1311,-2.851014881,4.378306145,2
1312,-1.563313649,2.173439557,2
1313,-3.660131019,3.663964945,2
1314,-2.058062925,4.919287593,2
1315,-3.262459345,2.862617689,2
1316,-3.552364457,4.789854554,2
1317,-2.795189309,1.341654862,2
1318,-3.111612165,2.264212884,2
1319,-2.732300387,4.650574197,2
1320,-3.664616772,3.475380278,2
1321,-3.222200837,2.789115424,2
1322,-1.463924263,2.152486166,2
1323,-4.387488277,4.29926091,2
1324,-1.985429006,3.049707548,2
1325,-2.693241482,4.221082548,2
1326,-0.852682534,2.707138788,2
1327,-1.037121637,2.549610939,2
1328,-3.905628046,2.218357148,2
1329,-1.247303446,3.825165618,2
1330,-3.435491998,2.712597804,2
1331,-3.723786219,3.28263839,2
1332,-4.239602756,3.213572399,2
1333,-3.637442291,3.546797505,2
1334,-3.607658526,3.141412269,2
1335,-2.965333555,3.701504252,2
1336,-2.894755736,2.782327578,2
1337,-2.839480632,1.833945336,2
1338,-3.668748572,3.865622891,2
1339,-2.584561848,1.498421198,2
1340,-4.155796304,1.689690319,2
1341,-1.133284721,3.370030199,2
1342,-2.85092072,3.173630107,2
1343,-3.437655741,4.277372135,2
1344,-2.781244271,2.529416353,2
1345,-3.164945058,4.507317173,2
1346,-3.253947087,1.91988019,2
1347,-1.503274195,3.025604339,2
1348,-0.630499231,2.679070872,2
1349,-2.713215838,2.564065124,2
1350,-2.493116803,3.187081992,2
1351,-2.3659938,3.920328399,2
1352,-5.852463514,3.324856768,2
1353,-2.389773636,2.851486095,2
1354,-2.029395579,4.509079694,2
1355,-2.520391539,4.059684762,2
1356,-2.411857615,1.165528696,2
1357,-2.860224299,2.57163535,2
1358,-2.46291918,2.755554525,2
1359,-3.421746499,3.691938032,2
1360,-3.674134508,4.321160087,2
1361,-3.670506507,3.314488274,2
1362,-4.249487575,2.739075656,2
1363,-1.87506382,3.903215331,2
1364,-3.220051674,3.522430264,2
1365,-2.679934012,3.853274425,2
1366,-3.612533954,4.28306324,2
1367,-1.98113145,3.527615343,2
1368,-3.538525765,2.93900237,2
1369,-3.715958456,3.193086858,2
1370,-2.131644202,1.631099778,2
1371,-3.511997069,2.80062078,2
1372,-4.170177915,3.155231162,2
1373,-0.500609239,3.361987512,2
1374,-3.840458066,3.043432915,2
1375,-2.089132855,3.15155924,2
1376,-4.008597633,3.115647923,2
1377,-2.237675428,2.041931017,2
1378,-2.690521948,1.657407847,2
1379,-3.871896471,3.388527068,2
1380,-5.914684746,3.334002954,2
1381,-1.050420767,4.040359248,2
1382,-2.573273768,2.500207688,2
1383,-3.816391518,2.796419668,2
1384,-4.228729872,2.577177227,2
1385,-3.196084047,5.298433233,2
1386,-4.42823991,3.848372048,2
1387,-5.02090575,4.533439809,2
1388,-3.477839522,3.332574841,2
1389,-3.212388908,3.896758179,2
1390,-3.586475125,2.398228575,2
1391,-3.318154829,2.738466798,2
1392,-4.334576709,1.219941969,2
1393,-5.007462627,3.696743756,2
1394,-2.599952775,2.791568931,2
1395,-3.667560027,3.782785231,2
1396,-1.71991813,2.633524307,2
1397,-0.965204064,1.02241704,2
1398,-3.085054474,3.211494644,2
1399,-3.140613337,2.630167125,2
1400,-2.270748652,2.611209782,2
1401,-2.252684805,3.209688536,2
1402,-3.526017749,4.981361714,2
1403,-4.794118733,3.261314153,2
1404,-2.184051968,4.166263362,2
1405,-4.806103287,4.900668682,2
1406,-0.986352821,1.665769031,2
1407,-3.094242504,3.44122331,2
1408,-2.011154565,3.905026892,2
1409,-3.082897633,3.994094559,2
1410,-3.602443581,2.433501539,2
1411,-2.778267483,2.675924581,2
1412,-2.724252375,3.125507056,2
1413,-4.218799114,3.168285405,2
1414,-2.46119149,4.212812612,2
1415,-3.458538579,1.031520413,2
1416,-3.64473777,1.152146983,2
1417,-2.357099931,2.603742149,2
1418,-3.032023099,2.605547461,2
1419,-6.272227674,2.621219568,2
1420,-4.516820649,1.526527408,2
1421,-1.354397361,1.699137487,2
1422,-1.848210242,2.77473128,2
1423,-3.012208222,4.353984467,2
1424,-1.611236646,3.662760412,2
1425,-4.027093309,3.761262397,2
1426,-4.057318344,4.698778482,2
1427,-3.868395665,4.785543789,2
1428,-2.132957145,3.324878564,2
1429,-3.228772869,1.965197913,2
1430,-3.721680132,3.052918021,2
1431,-4.006214753,2.62674236,2
1432,-4.962184841,4.092673563,2
1433,-4.279664166,2.520980614,2
1434,-2.918656308,0.18511941,2
1435,-3.624345244,2.23655047,2
1436,-3.991110181,2.142611158,2
1437,-2.283220744,3.090377963,2
1438,-1.535489141,3.227509008,2
1439,-3.822203521,3.149818924,2
1440,-2.717733416,3.403859579,2
1441,-3.131502014,3.833977938,2
1442,-2.691940675,0.663014875,2
1443,-1.877496887,3.531975278,2
1444,-2.149736216,2.278355599,2
1445,-1.995938852,2.981598879,2
1446,-2.518677717,2.525826342,2
1447,-1.809865869,2.581920821,2
1448,-3.442247671,3.014423384,2
1449,-0.841494979,1.543643761,2
1450,-4.690631159,1.82397009,2
1451,-2.180414398,2.801885363,2
1452,-1.290550906,2.579116077,2
1453,-3.74272403,3.805054745,2
1454,-4.764593167,3.408072572,2
1455,-1.478407966,3.753446255,2
1456,-3.074460376,3.729545666,2
1457,-4.251356583,3.803824413,2
1458,-3.428557242,4.772190221,2
1459,-1.695364636,3.982321624,2
1460,-3.287627611,1.927962293,2
1461,-2.871990059,4.266499378,2
1462,-2.980764885,2.542020662,2
1463,-2.348400871,2.065569257,2
1464,-2.799036588,3.07451763,2
1465,-2.305157806,2.973619225,2
1466,-0.390874156,2.597776639,2
1467,-2.710201246,2.464708767,2
1468,-2.540212531,2.802255904,2
1469,-0.757267377,1.7784837,2
1470,-2.716336179,3.260578852,2
1471,-3.988619755,1.69964256,2
1472,-4.953979941,2.260455456,2
1473,-2.176258161,4.047416032,2
1474,-3.89334495,3.377454949,2
1475,-4.054846745,4.347236424,2
1476,-4.135971475,2.465792085,2
1477,-2.724025789,1.610918371,2
1478,-2.780165385,1.105835152,2
1479,-3.130246,2.639025453,2
1480,-2.402369405,2.419997593,2
1481,-4.056163546,4.356913905,2
1482,-3.021271397,3.141439677,2
1483,-3.174511666,2.35366148,2
1484,-3.132853934,2.144671002,2
1485,-4.886739262,3.41021679,2
1486,-2.56349069,3.927023383,2
1487,0.645540859,1.879719993,2
1488,-4.680836786,3.200066771,2
1489,-3.090939408,4.586455866,2
1490,-5.133667772,2.282204802,2
1491,-2.367625337,2.193513064,2
1492,-3.081621754,2.210973973,2
1493,-1.400705181,2.833070399,2
1494,-2.123118763,3.443649829,2
1495,-4.044731892,3.60966066,2
1496,-3.211870154,2.604458411,2
1497,-3.318362292,3.838977342,2
1498,-3.77772598,4.966037819,2
1499,-1.242816062,2.267152843,2
1500,-4.008260644,4.93882056,2
1501,-3.366101337,2.902102312,2
1502,-2.119356966,2.794814467,2
1503,-2.287506069,2.609511668,2
1504,-3.106074321,4.16473061,2
1505,-1.595650541,3.31573994,2
1506,-2.111103324,2.784414333,2
1507,-3.69559921,2.786252758,2
1508,-3.648252963,3.191220294,2
1509,-2.941523078,3.723514138,2
1510,-2.050482601,3.512562418,2
1511,-3.605572735,1.740871574,2
1512,-3.653764516,3.008705358,2
1513,-2.60688283,4.605299569,2
1514,-3.402549568,2.863940714,2
1515,-2.918737522,4.904822107,2
1516,-3.731615666,3.717047674,2
1517,-3.614613472,3.68180711,2
1518,-3.160812863,2.813358302,2
1519,-3.960568663,3.71276409,2
1520,-1.591580356,1.969418121,2
1521,-1.727338165,1.979694499,2
1522,-3.049171642,1.519745416,2
1523,-3.894277728,3.307025956,2
1524,-2.40360884,2.20121462,2
1525,-3.158339725,3.218148402,2
1526,-3.713351965,2.666086118,2
1527,-3.213261085,3.996864382,2
1528,-2.091680432,5.212487857,2
1529,-3.633943399,3.972988324,2
1530,-2.337181296,2.229558116,2
1531,-1.837531629,3.177509548,2
1532,-3.440205473,2.796627362,2
1533,-4.484851781,3.02576949,2
1534,-2.655080756,2.10048069,2
1535,-1.551042465,4.1494808,2
1536,-2.104070925,2.829846418,2
1537,-5.030096663,2.51501517,2
1538,-1.961192386,4.252381747,2
1539,-4.331355836,1.089802279,2
1540,-2.538123615,1.951992809,2
1541,-3.971946614,3.641439252,2
1542,-4.472146706,3.190524194,2
1543,-3.092457118,4.121060551,2
1544,-4.16843156,2.313287461,2
1545,-5.621473515,2.458324712,2
1546,-4.971584834,3.995003493,2
1547,-4.027478018,2.499043396,2
1548,-2.393867385,3.786842309,2
1549,-1.504271863,1.972480489,2
1550,-1.257049341,3.511885518,2
1551,-2.666206285,3.376486407,2
1552,-4.548636004,3.073094618,2
1553,-4.086234062,2.199498821,2
1554,-1.909803833,2.387722492,2
1555,-3.359941805,4.025015813,2
1556,-1.853126365,2.878022961,2
1557,-4.449759781,3.083330148,2
1558,-3.648761378,2.963539443,2
1559,-2.046237935,-1.07475706,2
1560,-3.237769638,5.316716484,2
1561,-2.088647638,2.738378911,2
1562,-3.488400292,2.078036004,2
1563,-2.342899099,2.614442836,2
1564,-3.245474361,2.337779496,2
1565,-4.018555547,4.172354309,2
1566,-1.743765465,3.672343078,2
1567,-3.075754402,3.175160471,2
1568,-5.593342702,3.911997816,2
1569,-5.08236214,3.234162304,2
1570,-1.982066987,2.976978655,2
1571,-2.633632819,3.50653775,2
1572,-3.350633393,3.329553426,2
1573,-4.969307709,4.49749156,2
1574,-3.421552048,2.446390973,2
1575,-3.937041312,3.233184602,2
1576,-3.395434284,2.429739767,2
1577,-3.391618214,2.220769922,2
1578,-3.630480942,4.558860366,2
1579,-3.531545623,2.535443269,2
1580,-3.639207776,2.778232517,2
1581,-3.971952209,3.50339158,2
1582,-2.876269489,2.807561134,2
1583,-4.017395474,4.629803814,2
1584,-4.445396824,1.556082456,2
1585,-3.537062895,1.289315653,2
1586,-5.562075696,1.972950031,2
1587,-2.126408482,2.678821838,2
1588,-2.573713595,1.560543889,2
1589,-4.477455757,2.738912818,2
1590,-4.844248996,2.871918117,2
1591,-1.953637293,3.358098024,2
1592,-2.38775724,1.592737976,2
1593,-4.628256719,3.534963031,2
1594,-5.139770346,2.936980932,2
1595,-2.09529934,2.743224773,2
1596,-1.925606221,2.710362201,2
1597,-3.67666614,1.969277919,2
1598,-2.456081886,2.656975541,2
1599,-1.919463613,3.885991649,2
1600,-2.733973407,3.427861007,2
1601,-6.137278965,3.412701356,2
1602,-2.870045846,3.612393467,2
1603,-3.042377585,2.578210968,2
1604,-3.033699596,3.327655154,2
1605,-5.302175801,2.031335509,2
1606,-3.682553369,2.985896578,2
1607,-2.540531128,3.068281423,2
1608,-2.300609692,2.656542665,2
1609,-2.663848051,2.910029994,2
1610,-1.365896281,1.101825763,2
1611,-4.779162493,2.799837879,2
1612,-3.277925018,1.405679717,2
1613,-1.870831279,4.43571714,2
1614,-6.379700574,2.794903487,2
1615,-2.860589557,2.745055443,2
1616,-2.59043008,3.181239843,2
1617,-3.019504545,1.918216418,2
1618,-2.11019415,2.378736709,2
1619,-3.863270707,2.37137665,2
1620,-3.932840215,3.440811784,2
1621,-0.80732094,2.541107704,2
1622,-4.078825654,3.169120957,2
1623,-4.253815728,3.446048246,2
1624,-2.095159396,4.274019517,2
1625,-3.070691062,1.642788035,2
1626,-2.93048774,2.851362097,2
1627,-2.133133181,4.941057254,2
1628,-2.474813136,3.537361206,2
1629,-2.323561781,3.029502965,2
1630,-2.596516026,2.803129108,2
1631,-3.070074093,5.886550793,2
1632,-4.572232633,2.620852801,2
1633,-3.575936959,2.20351462,2
1634,-3.678776501,2.743465506,2
1635,-2.152442444,1.080403696,2
1636,-2.770892413,2.163053612,2
1637,-4.44115534,2.727325842,2
1638,-1.164683025,1.80111075,2
1639,-2.443450677,2.521075448,2
1640,-1.690491372,3.835899042,2
1641,-3.536236731,2.490044194,2
1642,-3.742556522,2.594207586,2
1643,-2.131022815,2.019772602,2
1644,-3.32656595,3.600383972,2
1645,-2.943142899,2.684775404,2
1646,-3.470578125,3.448472804,2
1647,-4.402087559,2.719844651,2
1648,-2.160891075,4.44137334,2
1649,-2.03389895,5.458006465,2
1650,-3.406551878,2.195771095,2
1651,-3.568579987,2.835126717,2
1652,-2.281740617,4.620285997,2
1653,-3.106460924,2.611319121,2
1654,-3.627007597,2.090299493,2
1655,-4.907863784,3.619654228,2
1656,-4.389547227,4.658279854,2
1657,-4.284681942,4.650963909,2
1658,-2.880800156,3.362061853,2
1659,-5.726462036,4.056223416,2
1660,-4.384752572,2.730035726,2
1661,-3.067459715,3.585654962,2
1662,-1.470700486,2.376173559,2
1663,-2.466383489,2.608895894,2
1664,-2.607471814,3.840133704,2
1665,-2.886567588,2.426886949,2
1666,-3.097201509,3.43651228,2
1667,-2.518800165,5.377108719,2
1668,-4.261800962,3.295279638,2
1669,-4.188050606,2.146986796,2
1670,-3.797046181,3.455608889,2
1671,-2.415273813,1.293411471,2
1672,-3.245991135,1.17921216,2
1673,-2.447999918,1.364715071,2
1674,-3.091471964,3.166830565,2
1675,-3.469137177,4.145598178,2
1676,-2.893533292,2.211719934,2
1677,-3.04275582,2.650558531,2
1678,-3.957458882,2.974067353,2
1679,-3.05783499,2.305681251,2
1680,-3.565244311,2.037770874,2
1681,-4.374857085,2.979315936,2
1682,-1.825802977,1.953044767,2
1683,-4.611757615,4.378022266,2
1684,-2.731925666,3.024817921,2
1685,-3.228065668,2.75365597,2
1686,-2.362071695,3.470360942,2
1687,-2.498369182,4.820691847,2
1688,-2.780351896,1.372991776,2
1689,-3.193824791,4.220089989,2
1690,-2.750736374,1.843916342,2
1691,-3.642493555,3.295969085,2
1692,-0.907154099,3.681055215,2
1693,-3.868601209,1.736419634,2
1694,-2.077089025,3.576179476,2
1695,-3.203457013,3.580760663,2
1696,-2.93167946,2.948778582,2
1697,-2.153147235,1.851435303,2
1698,-3.627288726,4.584565966,2
1699,-2.27397244,3.023334465,2
1700,-3.244625966,2.622286612,2
1701,-4.497539376,2.355121548,2
1702,-2.602940765,4.103049819,2
1703,-3.996462689,1.145121149,2
1704,-2.768092877,1.505324307,2
1705,-2.482949612,2.750146001,2
1706,-1.904103652,3.834619156,2
1707,-5.886422514,2.370774695,2
1708,-2.495089903,3.094466872,2
1709,-3.135707649,3.291054494,2
1710,-1.368488926,4.83666468,2
1711,-3.933946132,2.490136613,2
1712,-1.862253811,3.145608139,2
1713,-4.214626765,1.623386967,2
1714,-3.518073953,2.46201443,2
1715,-4.185571878,3.37487802,2
1716,-3.212099436,3.890880542,2
1717,-2.264381347,3.600014844,2
1718,-4.893329991,4.230305399,2
1719,-2.869762789,1.665358035,2
1720,-2.265450057,0.245939025,2
1721,-1.675729327,2.09392234,2
1722,-1.464367027,1.43505415,2
1723,-3.475739762,2.288602757,2
1724,-2.025136698,3.057770646,2
1725,-3.509564919,4.711843124,2
1726,-2.808961327,1.674856121,2
1727,-3.451688795,4.431979305,2
1728,-3.19414233,3.34080494,2
1729,-3.003919546,4.871616619,2
1730,-3.194633719,3.24832005,2
1731,-2.336790852,4.787076197,2
1732,-2.658221689,2.550511649,2
1733,-3.185088342,3.115990564,2
1734,-4.043438661,2.559904769,2
1735,-3.193057793,4.11497834,2
1736,-4.413442918,2.861777331,2
1737,-4.806616988,3.025350915,2
1738,-3.774158021,2.947135246,2
1739,-4.143869215,4.084908388,2
1740,-3.798331262,3.192002014,2
1741,-3.095695043,2.622235973,2
1742,-4.682039805,3.5351105,2
1743,-1.610786087,1.825183613,2
1744,-3.609210274,2.680003321,2
1745,-3.221090323,3.834994061,2
1746,-2.095369663,2.518427946,2
1747,-2.533909413,2.894573154,2
1748,-4.174042554,2.921974575,2
1749,-2.96858563,3.044564243,2
1750,-1.836322915,4.192140372,2
1751,-3.446566011,3.661138171,2
1752,-3.46900272,3.748259772,2
1753,-2.33694535,4.004079306,2
1754,-3.466472514,1.315545958,2
1755,-5.38512064,3.570727991,2
1756,-2.31007988,1.310707811,2
1757,-0.608252279,2.389939371,2
1758,-2.903399665,4.566838457,2
1759,-2.767661926,2.212377671,2
1760,-2.32742472,3.113678768,2
1761,-0.881086997,2.785948791,2
1762,-2.142183873,4.183993042,2
1763,-4.036873896,2.551960013,2
1764,-3.928136807,1.365398664,2
1765,-3.887680455,2.564904428,2
1766,-4.026488875,3.871074434,2
1767,-2.131859198,2.742039291,2
1768,-4.267124441,3.148884469,2
1769,-2.562207796,2.107982336,2
1770,-1.822454622,3.909979224,2
1771,-3.285822106,1.675703068,2
1772,-2.517009848,1.324455205,2
1773,-2.677177016,4.052763997,2
1774,-3.026649068,2.19965568,2
1775,-2.554687866,5.310358867,2
1776,-3.011731545,3.739128024,2
1777,-1.850502721,2.545429032,2
1778,-1.155596108,3.281919472,2
1779,-1.285505863,3.276596818,2
1780,-3.028233885,5.176838305,2
1781,-2.086778024,2.380537344,2
1782,-4.442153036,3.812154331,2
1783,-4.144707932,0.965296237,2
1784,-3.098950024,3.175931675,2
1785,-1.226473772,5.139006268,2
1786,-2.215372164,4.88731771,2
1787,-2.460233496,3.408580636,2
1788,-4.74020641,3.585299858,2
1789,-0.606670405,3.483571162,2
1790,-2.963943436,3.614146006,2
1791,-2.697229623,3.679923641,2
1792,-2.230942695,4.173510322,2
1793,-2.294432144,2.614532376,2
1794,-3.34939842,4.4923611,2
1795,-3.85518837,3.782574827,2
1796,-1.877761237,3.759251062,2
1797,-2.888240588,3.417893873,2
1798,-3.311668887,3.624622646,2
1799,-1.676670764,2.739979072,2
1800,-3.927555651,3.425359656,2
1801,-1.882540722,2.827112959,2
1802,-3.927972014,2.830722228,2
1803,-4.64568881,2.661160009,2
1804,-3.122608089,3.601891506,2
1805,-1.700162715,1.902181571,2
1806,-1.324557415,2.138542976,2
1807,-0.640309224,2.734149188,2
1808,-2.746225222,1.428896499,2
1809,-4.225805092,2.070263578,2
1810,-4.882136559,2.664903979,2
1811,-1.292738359,2.961215313,2
1812,-4.365688584,3.572284701,2
1813,-4.084681299,2.404406318,2
1814,-3.223171536,2.623425373,2
1815,-3.6459471,3.124179433,2
1816,-3.8010382,1.059198737,2
1817,-3.74182846,2.267100964,2
1818,-2.231828326,1.415716331,2
1819,-2.649596064,3.46421184,2
1820,-3.134027137,0.607395879,2
1821,-0.995192975,3.080167765,2
1822,-3.820608472,2.988842676,2
1823,-2.181175807,1.908460192,2
1824,-3.075002255,2.463640355,2
1825,-3.106809689,1.822680646,2
1826,-3.671982763,4.895236631,2
1827,-2.583795017,4.46123978,2
1828,-3.250954098,3.293084612,2
1829,-4.040463317,3.160456042,2
1830,-4.000384918,3.568683095,2
1831,-4.455787287,1.270940785,2
1832,-4.527176708,2.607233276,2
1833,-3.708779519,2.263329322,2
1834,-2.630031941,2.193097773,2
1835,-3.265262752,4.386480251,2
1836,-3.887759926,1.666658853,2
1837,-1.742683227,2.681195407,2
1838,-4.474586999,3.255894247,2
1839,-2.923087633,3.719513969,2
1840,-2.19902015,1.331342878,2
1841,-2.743567299,4.194364744,2
1842,-1.860495302,4.884579047,2
1843,-3.058649117,1.842622461,2
1844,-2.207974129,2.174476374,2
1845,-2.94639875,2.767854264,2
1846,-3.590147178,0.735196367,2
1847,-1.580556437,4.035810644,2
1848,-3.050024862,1.95453389,2
1849,-2.976926284,3.331645536,2
1850,-1.483221848,4.006576552,2
1851,-3.532143685,3.505466424,2
1852,-4.092355047,3.766641018,2
1853,-3.295326505,4.192238239,2
1854,-3.669956278,3.418128958,2
1855,-2.554676321,3.213928723,2
1856,-2.519989264,2.526990652,2
1857,-3.893599564,2.845365401,2
1858,-3.887135216,2.043910104,2
1859,-2.526620314,2.192327765,2
1860,-2.998329998,2.18387219,2
1861,-4.095108135,3.176559954,2
1862,-2.93655542,3.008836902,2
1863,-3.154647924,2.529459045,2
1864,-4.015806219,0.853527004,2
1865,-2.677518039,2.217419846,2
1866,-4.153167482,1.56031762,2
1867,-3.196553,3.794480105,2
1868,-1.582673497,1.633861516,2
1869,-3.718377869,2.00893135,2
1870,-3.70507419,2.730921848,2
1871,-1.35804559,3.601545652,2
1872,-3.060147842,2.886715947,2
1873,-4.355058826,2.574070043,2
1874,-1.810674995,3.351608124,2
1875,-3.580453795,2.361880029,2
1876,-3.076390744,1.740776538,2
1877,-2.55734979,3.188332907,2
1878,-2.957639725,2.131356951,2
1879,-3.465394249,3.564442749,2
1880,-1.528898417,3.317746021,2
1881,-3.462107404,3.954961325,2
1882,-4.943672702,4.040364764,2
1883,-3.614124332,5.204974796,2
1884,-2.39933123,3.428364078,2
1885,-1.508839426,2.888560768,2
1886,-2.695565854,3.937842091,2
1887,-3.566823729,5.16651422,2
1888,-2.590497758,4.655054225,2
1889,-3.34768669,2.679931696,2
1890,-3.027549174,4.063831935,2
1891,-4.64412888,2.775929793,2
1892,-2.798255682,1.06380232,2
1893,-2.708796393,2.769410744,2
1894,-1.505508576,3.311983299,2
1895,-3.641775714,1.793589583,2
1896,-2.841786863,4.014178878,2
1897,-3.494825828,2.765868399,2
1898,-1.18231563,2.976870867,2
1899,-4.19482293,3.77723764,2
1900,-4.788398898,4.204651656,2
1901,-2.988106312,1.411686379,2
1902,-3.201185921,4.775321142,2
1903,-3.556018184,2.773497378,2
1904,-3.403838548,3.118519193,2
1905,-2.805045689,3.143705586,2
1906,-2.994997077,2.700601604,2
1907,-3.340370245,2.636940575,2
1908,-2.922525289,3.333706588,2
1909,-2.1069633,3.625769227,2
1910,-3.438982057,2.295407439,2
1911,-2.265587624,1.900294863,2
1912,-1.862302681,2.180221775,2
1913,-3.767726227,2.563560691,2
1914,-1.992528058,3.811740344,2
1915,-2.846965744,1.916394122,2
1916,-4.277611141,2.500848681,2
1917,-0.124859982,3.811846754,2
1918,-2.261067452,3.816070306,2
1919,-2.583398785,1.341522594,2
1920,-4.32305582,1.476404274,2
1921,-2.433008436,3.527334768,2
1922,-3.699466246,2.190909098,2
1923,-3.851214129,1.562235679,2
1924,-3.635647133,1.625205772,2
1925,-4.091173868,3.266699434,2
1926,-3.48797945,2.264453235,2
1927,-2.967944659,1.962678202,2
1928,-1.868788894,2.572701447,2
1929,-3.601502854,4.065409932,2
1930,-2.599910711,4.662802404,2
1931,-2.92417618,3.457258901,2
1932,-4.711412559,2.893870642,2
1933,-2.259468802,2.161678378,2
1934,-3.227211375,1.117277245,2
1935,-3.831949896,0.666606533,2
1936,-3.458066185,3.702480851,2
1937,-2.106144261,3.114762241,2
1938,-1.842008551,3.114778898,2
1939,-1.795450775,5.454993507,2
1940,-0.19917712,2.677082603,2
1941,-1.917280255,2.090111719,2
1942,-3.133123501,4.592485833,2
1943,-3.470044467,2.365485192,2
1944,-3.741509259,1.96049134,2
1945,-3.005449062,4.225347659,2
1946,-1.716907546,3.572044748,2
1947,-3.493734342,3.198518804,2
1948,-2.877454745,2.724594642,2
1949,-3.626358734,3.559185652,2
1950,-4.515316046,3.971594071,2
1951,-4.365572427,1.699353849,2
1952,-2.705431972,3.09115341,2
1953,-1.817819751,1.908674614,2
1954,-1.53867967,2.268321782,2
1955,-2.561780841,3.578667196,2
1956,-3.000105242,2.174233709,2
1957,-2.749659825,5.125117805,2
1958,-2.982242364,2.996943552,2
1959,-2.592510287,4.737004627,2
1960,-4.055680223,3.605030702,2
1961,-3.781491849,3.225418378,2
1962,-2.815706983,2.112106065,2
1963,-3.336342356,2.733981244,2
1964,-4.891659958,2.376915136,2
1965,-3.174818118,2.811763537,2
1966,-3.676138338,1.359945723,2
1967,-3.020621945,2.339721953,2
1968,-3.686640119,2.520245857,2
1969,-3.542065633,2.962101307,2
1970,-1.977265352,3.659210059,2
1971,-3.362249935,4.233143704,2
1972,-3.82117196,2.155144065,2
1973,-3.890303173,3.287961587,2
1974,-3.161420036,3.758212986,2
1975,-3.363345757,3.577413566,2
1976,-2.336014072,2.849270933,2
1977,-3.374285054,4.89253696,2
1978,-2.248209204,3.031140983,2
1979,-1.308389143,4.056870127,2
1980,-4.058765427,2.308757303,2
1981,-2.662724339,3.856122219,2
1982,-1.883410164,4.340181746,2
1983,-5.688601358,2.749949032,2
1984,-4.324523258,4.288479111,2
1985,-2.426816099,4.455548622,2
1986,-2.009202889,1.819769992,2
1987,-2.333770466,3.340018219,2
1988,-3.40873425,4.421826115,2
1989,-3.771930962,2.706227091,2
1990,-5.25361005,3.721191533,2
1991,-4.103508383,4.176769025,2
1992,-3.22409262,3.169354558,2
1993,-0.063445275,2.89605222,2
1994,-2.941299485,3.78482677,2
1995,-3.372341896,2.429914121,2
1996,-0.962527161,2.778902273,2
1997,-2.334692729,2.791450597,2
1998,-2.661981631,3.045985337,2
1999,-3.935775328,3.202748039,2
2000,-3.011883374,4.16384244,2
2001,-6.498812167,-7.514515983,3
2002,-5.310406604,-8.189401606,3
2003,-6.76093099,-3.541557663,3
2004,-4.291285206,-6.037043583,3
2005,-4.401551249,-8.28625234,3
2006,-6.897738744,-7.825282413,3
2007,-7.06099621,-3.564911432,3
2008,-7.267545064,-9.706933004,3
2009,-5.857818255,-5.115360076,3
2010,-5.616853305,-9.289852258,3
2011,-5.372889208,-6.286323664,3
2012,-4.411169511,-6.513260286,3
2013,-7.324631853,-8.498611375,3
2014,-1.363807119,-9.101368719,3
2015,-6.644313144,-5.875290465,3
2016,-7.95089052,-7.077887714,3
2017,-10.46253633,-5.159014508,3
2018,-6.886646237,-6.775056697,3
2019,-11.96725763,-6.446492664,3
2020,-6.631934442,-4.793625623,3
2021,-9.509319632,-5.922210269,3
2022,-7.20485967,-7.442545516,3
2023,-6.48704032,-7.506225964,3
2024,-4.842145364,-3.657800662,3
2025,-5.030753381,-7.386848721,3
2026,-5.2725993,-9.419054116,3
2027,-4.0143169,-4.867753423,3
2028,-6.063260227,-5.71937229,3
2029,-6.649015343,-7.665551352,3
2030,-5.970878893,-9.401483445,3
2031,-8.253371032,-1.743352237,3
2032,-7.667592691,-3.331315925,3
2033,-4.898614044,-3.208368592,3
2034,-6.982583324,-8.251430843,3
2035,-8.721037416,-5.776215193,3
2036,-6.733120262,-6.275943502,3
2037,-7.898855648,-5.794084208,3
2038,-6.19887291,-4.995436528,3
2039,-6.541150372,-6.336120763,3
2040,-7.760545951,-6.71808611,3
2041,-9.569023067,-5.486575087,3
2042,-9.82117807,-6.406356923,3
2043,-6.060317319,-5.814063489,3
2044,-7.319790013,-6.464420842,3
2045,-5.184845359,-6.101540653,3
2046,-10.3662818,-1.183095991,3
2047,-7.34883576,-7.672535331,3
2048,-9.690815175,-4.368894826,3
2049,-9.464725506,-7.635909062,3
2050,-9.388107965,-4.943971771,3
2051,-8.415032469,-10.56796641,3
2052,-5.283948101,-2.463551742,3
2053,-7.989898973,-6.12539544,3
2054,-7.880588735,-8.954553291,3
2055,-5.255952733,-6.020286425,3
2056,-7.345436337,-6.511889194,3
2057,-6.38063715,-4.317320984,3
2058,-9.069202888,-5.557640177,3
2059,-4.921722526,-6.697294468,3
2060,-5.238366255,-4.386108542,3
2061,-9.00761544,-8.328005691,3
2062,-8.377490417,-6.939532732,3
2063,-5.639663733,-6.407303437,3
2064,-4.978546215,-4.701697981,3
2065,-7.679934238,-6.451095614,3
2066,-6.514039864,-5.868703884,3
2067,-8.273517164,-6.226010619,3
2068,-5.069830051,-3.14770404,3
2069,-6.855698313,-4.734673111,3
2070,-5.737621385,-8.685408421,3
2071,-7.195994972,-7.793302626,3
2072,-7.98719385,-8.186281644,3
2073,-5.286277121,-2.29180839,3
2074,-5.837189057,-6.898113515,3
2075,-7.033090157,-8.204981802,3
2076,-5.293733839,-4.095140042,3
2077,-5.590009015,-7.653842591,3
2078,-4.40289059,-5.892813616,3
2079,-6.157434219,-6.48444194,3
2080,-8.691622986,-4.138922753,3
2081,-6.341854781,-7.523758996,3
2082,-6.270887465,-6.021266075,3
2083,-7.443928748,-4.849180124,3
2084,-7.994740439,-3.627456065,3
2085,-5.259417148,-7.604494504,3
2086,-5.765292185,-5.786894478,3
2087,-9.141085534,-8.968704139,3
2088,-4.958367281,-2.832505812,3
2089,-6.834846106,-3.003161563,3
2090,-5.621395576,-7.577555145,3
2091,-9.522515013,-3.860010991,3
2092,-8.953445232,-5.699547408,3
2093,-4.829447109,-5.746376781,3
2094,-6.488908237,-4.569702143,3
2095,-4.319358532,-5.492305022,3
2096,-5.655843973,-6.06044396,3
2097,-8.716278795,-7.759293552,3
2098,-6.223960036,-7.999452188,3
2099,-4.126110555,-6.103317659,3
2100,-7.635255979,-2.782523384,3
2101,-5.181913097,-6.238795218,3
2102,-6.31938813,-1.734769707,3
2103,-6.301198506,-6.277320659,3
2104,-3.029580313,-6.583273964,3
2105,-10.90244805,-4.281508428,3
2106,-9.066962903,-5.496963934,3
2107,-8.875847313,-7.8383953,3
2108,-7.027618169,-7.750686198,3
2109,-8.439215059,-6.080902303,3
2110,-7.960484859,-3.849417473,3
2111,-6.153971581,-1.962182985,3
2112,-9.52520899,-8.164062712,3
2113,-9.260502867,-7.07912737,3
2114,-7.331126186,-7.269744918,3
2115,-7.581954089,-5.004151058,3
2116,-3.193942545,-5.800249182,3
2117,-6.187383531,-6.557689828,3
2118,-6.030839324,-5.165761161,3
2119,-6.708710874,-9.539061195,3
2120,-12.35498133,-9.553940292,3
2121,-9.153573552,-9.817660327,3
2122,-9.841196162,-7.542880245,3
2123,-9.393535355,-4.314061342,3
2124,-5.53200801,-7.335338289,3
2125,-6.770141335,-8.232061394,3
2126,-6.323764351,-2.694507787,3
2127,-9.696463135,-5.555671212,3
2128,-5.958845037,-7.456333408,3
2129,-6.311024697,-6.403282962,3
2130,-6.77012853,-4.908952459,3
2131,-4.657391451,-7.860494821,3
2132,-8.480752036,-7.677610517,3
2133,-7.520600568,-8.909850332,3
2134,-9.10795356,-4.330680635,3
2135,-5.629467188,-8.035475712,3
2136,-4.543804773,-8.695444481,3
2137,-7.905041524,-6.143212312,3
2138,-6.597175781,-8.832563085,3
2139,-6.324296317,-5.225950477,3
2140,-9.474061622,-7.30729907,3
2141,-4.201412771,-0.386303833,3
2142,-10.67861089,-6.922658596,3
2143,-5.499098115,-7.089658455,3
2144,-6.384390011,-6.195771862,3
2145,-4.228223588,-4.458055071,3
2146,-8.125979145,-9.353674649,3
2147,-7.388426887,-5.733491757,3
2148,-7.096807015,-3.546037736,3
2149,-7.309396057,-8.289332165,3
2150,-7.724421286,-6.446407339,3
2151,-9.811235156,-5.61152981,3
2152,-7.255956415,-6.515291408,3
2153,-7.510060918,-6.718610806,3
2154,-6.05732182,-5.410461806,3
2155,-7.208638647,-6.19782489,3
2156,-9.611456856,-4.354688565,3
2157,-8.599886221,-5.793704748,3
2158,-7.167238431,-4.330062007,3
2159,-6.068328847,-3.167733379,3
2160,-9.938813845,-7.037547494,3
2161,-5.517274745,-3.000383481,3
2162,-8.892832535,-8.074574459,3
2163,-7.287167751,-9.296241135,3
2164,-9.988060743,-6.529787948,3
2165,-11.41967796,-8.644598461,3
2166,-6.733324512,-3.912850558,3
2167,-4.89459242,-6.025074994,3
2168,-4.445549586,-6.702524003,3
2169,-11.22634147,-4.782034074,3
2170,-7.167016799,-3.731706489,3
2171,-5.370415287,-4.962246823,3
2172,-8.954611589,-4.967429151,3
2173,-4.867216642,-5.135745046,3
2174,-10.56543864,-6.180947384,3
2175,-8.415366103,-6.54361966,3
2176,-8.903624216,-8.096863255,3
2177,-8.126984999,-9.376583071,3
2178,-6.975919048,-6.28606223,3
2179,-7.518534451,-4.991490509,3
2180,-9.115542454,-8.740379881,3
2181,-5.242257803,-3.953542516,3
2182,-7.430424253,-8.812395442,3
2183,-5.087410372,-6.061670096,3
2184,-7.687648921,-9.251933428,3
2185,-8.137648813,-4.728540082,3
2186,-6.555066932,-7.960945547,3
2187,-8.939462462,-7.053491543,3
2188,-7.626696856,-5.860706993,3
2189,-7.548519686,-9.322497998,3
2190,-7.091692525,-6.11312512,3
2191,-6.844126652,-8.844962865,3
2192,-8.520860907,-4.678752656,3
2193,-3.86615848,-3.365935123,3
2194,-6.631842163,-7.186593929,3
2195,-6.259572678,-3.709353242,3
2196,-10.9547403,-4.452989933,3
2197,-2.192614372,-3.670435999,3
2198,-6.067668994,-6.233129198,3
2199,-7.351491961,-4.768617327,3
2200,-10.02279482,-5.679225204,3
2201,-8.943094327,-5.132738327,3
2202,-7.930183292,-2.569385784,3
2203,-8.231759133,-5.431807386,3
2204,-8.837997638,-5.39183232,3
2205,-5.870045753,-0.500685322,3
2206,-12.16172612,-7.068940837,3
2207,-8.503663668,-3.731222515,3
2208,-7.128383487,-5.471534926,3
2209,-9.976725647,-9.493276278,3
2210,-4.804353396,-8.523170676,3
2211,-7.168144665,-3.161760402,3
2212,-6.223588037,-10.59409717,3
2213,-8.76103922,-9.256499905,3
2214,-10.12972715,-8.126468131,3
2215,-5.110503729,-7.089334362,3
2216,-5.041855392,-7.555692809,3
2217,-9.458390501,-7.410805525,3
2218,-4.802407355,-5.681568273,3
2219,-7.53568784,-2.092233124,3
2220,-3.893247764,-2.607416796,3
2221,-3.849197944,-6.790952673,3
2222,-6.140379275,-7.350986427,3
2223,-7.774265048,-3.406080736,3
2224,-5.742699881,-3.174584488,3
2225,-5.081696265,-3.575855055,3
2226,-7.136736216,-5.402191895,3
2227,-4.252714795,-3.318645168,3
2228,-10.30695695,-4.904425599,3
2229,-6.145649664,-6.822607031,3
2230,-8.219330006,-5.259246036,3
2231,-7.103673749,-7.799979494,3
2232,-5.778646894,-9.002394553,3
2233,-4.684159804,-6.121388685,3
2234,-8.460256084,-6.241221156,3
2235,-6.071638696,-6.145474764,3
2236,-7.673563054,-6.221989587,3
2237,-6.914071707,-5.013226269,3
2238,-9.950087554,-7.325173446,3
2239,-5.484370618,-6.081549995,3
2240,-7.973458215,-3.938415145,3
2241,-5.47660451,-6.243203672,3
2242,-8.23615515,-5.752724967,3
2243,-7.751922833,-9.8721791,3
2244,-7.222774059,-5.431484774,3
2245,-3.489007122,-7.28520081,3
2246,-8.55005057,-6.145758937,3
2247,-8.561094074,-4.426400219,3
2248,-5.870731614,-11.01404976,3
2249,-11.14761969,-2.493988838,3
2250,-6.128164038,-4.297849871,3
2251,-9.718256763,-6.630085435,3
2252,-6.879662141,-7.881551447,3
2253,-4.697641558,-7.570202769,3
2254,-7.857074715,-3.50579514,3
2255,-5.943917088,-5.414879132,3
2256,-7.870741972,-6.368162943,3
2257,-10.08844253,-7.035981574,3
2258,-9.738509542,-11.08641365,3
2259,-8.861318194,-2.552064436,3
2260,-10.4241365,-5.972510949,3
2261,-10.95942719,-4.814135221,3
2262,-6.173620171,-3.943845282,3
2263,-4.719441793,-4.190417009,3
2264,-8.433234093,-7.579932743,3
2265,-5.895090266,-6.959190614,3
2266,-10.28624705,-7.016498865,3
2267,-4.26387895,-4.455743187,3
2268,-5.304920885,-6.244444112,3
2269,-6.211543974,-8.754832009,3
2270,-5.958916108,-5.251870279,3
2271,-5.340634127,-7.33054151,3
2272,-9.256119338,-6.860517137,3
2273,-9.721711043,-9.210249843,3
2274,-7.853138542,-4.119418397,3
2275,-8.108631194,-5.536221878,3
2276,-6.306193199,-6.347293855,3
2277,-7.230410051,-8.440905369,3
2278,-9.275895468,-7.492360012,3
2279,-8.102965676,-4.677619894,3
2280,-6.2258444,-8.170989481,3
2281,-3.809417286,-5.758414469,3
2282,-6.270894383,-6.00136401,3
2283,-6.990884255,-7.776477418,3
2284,-6.624685309,-6.287928497,3
2285,-11.39687711,-9.960603258,3
2286,-8.06848499,-5.787075556,3
2287,-6.988933469,-0.731679038,3
2288,-7.051584232,-5.766543887,3
2289,-3.010884086,-5.999468036,3
2290,-9.743602629,-5.138153388,3
2291,-5.853912728,-3.294321709,3
2292,-6.658213698,-7.25305208,3
2293,-10.62345373,-4.194394596,3
2294,-5.418656114,-6.032148453,3
2295,-5.627672366,-7.596998178,3
2296,-9.435869581,-5.032250264,3
2297,-6.312731121,-4.534602608,3
2298,-3.78528703,-5.522411063,3
2299,-7.830356996,-8.339887573,3
2300,-5.300189052,-4.568755522,3
2301,-4.936053151,-7.67856275,3
2302,-10.11814253,-2.92497524,3
2303,-7.654387438,-5.77910292,3
2304,-5.010608994,-8.152939636,3
2305,-3.31969099,-9.069155428,3
2306,-10.03025288,-4.946257136,3
2307,-7.303535283,-8.37660591,3
2308,-6.476836135,-5.526489389,3
2309,-8.329830581,-11.33781129,3
2310,-4.54802082,-7.681441435,3
2311,-6.702029763,-3.243387711,3
2312,-4.126627299,-7.653120887,3
2313,-8.320262037,-4.672070111,3
2314,-5.11612585,-2.161424813,3
2315,-7.52491869,-6.274764621,3
2316,-8.104728913,-2.420290891,3
2317,-6.590378617,-9.316690276,3
2318,-7.22322433,-7.471574231,3
2319,-6.464600775,-2.698851605,3
2320,-8.329233544,-5.049239445,3
2321,-7.444401674,-6.421769152,3
2322,-3.927848525,-7.695027669,3
2323,-9.774976554,-3.40147818,3
2324,-4.970858011,-5.900584904,3
2325,-6.386482965,-3.557834904,3
2326,-2.705365067,-6.585722425,3
2327,-3.074243274,-6.900778122,3
2328,-8.811256092,-7.563285705,3
2329,-3.494606892,-4.349668765,3
2330,-7.870983996,-6.574804391,3
2331,-8.447572438,-5.43472322,3
2332,-9.479205513,-5.572855202,3
2333,-8.274884582,-4.906404991,3
2334,-8.215317052,-5.717175462,3
2335,-6.93066711,-4.596991496,3
2336,-6.789511471,-6.435344844,3
2337,-6.678961263,-8.332109328,3
2338,-8.337497144,-4.268754219,3
2339,-6.169123697,-9.003157604,3
2340,-9.311592607,-8.620619362,3
2341,-3.266569442,-5.259939602,3
2342,-6.701841439,-5.652739786,3
2343,-7.875311481,-3.44525573,3
2344,-6.562488542,-6.941167294,3
2345,-7.329890115,-2.985365653,3
2346,-7.507894174,-8.160239619,3
2347,-4.00654839,-5.948791322,3
2348,-2.260998462,-6.641858255,3
2349,-6.426431676,-6.871869752,3
2350,-5.986233606,-5.625836015,3
2351,-5.7319876,-4.159343201,3
2352,-12.70492703,-5.350286465,3
2353,-5.779547272,-6.29702781,3
2354,-5.058791159,-2.981840612,3
2355,-6.040783079,-3.880630476,3
2356,-5.823715229,-9.668942608,3
2357,-6.720448598,-6.8567293,3
2358,-5.92583836,-6.48889095,3
2359,-7.843492998,-4.616123936,3
2360,-8.348269015,-3.357679825,3
2361,-8.341013015,-5.371023451,3
2362,-9.498975149,-6.521848688,3
2363,-4.750127639,-4.193569337,3
2364,-7.440103348,-4.955139472,3
2365,-6.359868023,-4.29345115,3
2366,-8.225067908,-3.43387352,3
2367,-4.962262901,-4.944769313,3
2368,-8.07705153,-6.12199526,3
2369,-8.431916912,-5.613826283,3
2370,-5.263288404,-8.737800445,3
2371,-8.023994139,-6.398758441,3
2372,-9.340355831,-5.689537676,3
2373,-2.001218477,-5.276024976,3
2374,-8.680916131,-5.91313417,3
2375,-5.178265711,-5.696881521,3
2376,-9.017195265,-5.768704154,3
2377,-5.475350855,-7.916137965,3
2378,-6.381043896,-8.685184306,3
2379,-8.743792941,-5.222945865,3
2380,-12.82936949,-5.331994092,3
2381,-3.100841534,-3.919281505,3
2382,-6.146547537,-6.999584623,3
2383,-8.632783036,-6.407160664,3
2384,-9.457459744,-6.845645545,3
2385,-7.392168093,-1.403133534,3
2386,-9.85647982,-4.303255905,3
2387,-11.0418115,-2.933120382,3
2388,-7.955679043,-5.334850317,3
2389,-7.424777815,-4.206483642,3
2390,-8.17295025,-7.20354285,3
2391,-7.636309659,-6.523066405,3
2392,-9.669153418,-9.560116062,3
2393,-11.01492525,-4.606512488,3
2394,-6.199905551,-6.416862139,3
2395,-8.335120054,-4.434429537,3
2396,-4.43983626,-6.732951386,3
2397,-2.930408128,-9.955165921,3
2398,-7.170108947,-5.577010712,3
2399,-7.281226675,-6.739665749,3
2400,-5.541497304,-6.777580436,3
2401,-5.50536961,-5.580622927,3
2402,-8.052035499,-2.037276571,3
2403,-10.58823747,-5.477371695,3
2404,-5.368103937,-3.667473276,3
2405,-10.61220657,-2.198662637,3
2406,-2.972705641,-8.668461938,3
2407,-7.188485008,-5.117553379,3
2408,-5.02230913,-4.189946217,3
2409,-7.165795266,-4.011810881,3
2410,-8.204887162,-7.132996922,3
2411,-6.556534967,-6.648150837,3
2412,-6.44850475,-5.748985887,3
2413,-9.437598228,-5.663429189,3
2414,-5.92238298,-3.574374777,3
2415,-7.917077159,-9.936959174,3
2416,-8.28947554,-9.695706034,3
2417,-5.714199863,-6.792515703,3
2418,-7.064046197,-6.788905078,3
2419,-13.54445535,-6.757560864,3
2420,-10.0336413,-8.946945184,3
2421,-3.708794722,-8.601725027,3
2422,-4.696420485,-6.450537439,3
2423,-7.024416444,-3.292031066,3
2424,-4.222473293,-4.674479176,3
2425,-9.054186618,-4.477475205,3
2426,-9.114636687,-2.602443036,3
2427,-8.736791329,-2.428912423,3
2428,-5.26591429,-5.350242872,3
2429,-7.457545738,-8.069604174,3
2430,-8.443360263,-5.894163958,3
2431,-9.012429505,-6.74651528,3
2432,-10.92436968,-3.814652874,3
2433,-9.559328332,-6.958038772,3
2434,-6.837312617,-11.62976118,3
2435,-8.248690488,-7.52689906,3
2436,-8.982220362,-7.714777684,3
2437,-5.566441488,-5.819244074,3
2438,-4.070978282,-5.544981984,3
2439,-8.644407042,-5.700362152,3
2440,-6.435466832,-5.192280842,3
2441,-7.263004027,-4.332044125,3
2442,-6.383881351,-10.67397025,3
2443,-4.754993775,-4.936049444,3
2444,-5.299472432,-7.443288803,3
2445,-4.991877704,-6.036802243,3
2446,-6.037355435,-6.948347316,3
2447,-4.619731738,-6.836158358,3
2448,-7.884495341,-5.971153232,3
2449,-2.682989958,-8.912712478,3
2450,-10.38126232,-8.35205982,3
2451,-5.360828796,-6.396229275,3
2452,-3.581101811,-6.841767845,3
2453,-8.485448061,-4.38989051,3
2454,-10.52918633,-5.183854855,3
2455,-3.956815933,-4.493107489,3
2456,-7.148920752,-4.540908669,3
2457,-9.502713166,-4.392351174,3
2458,-7.857114484,-2.455619558,3
2459,-4.390729271,-4.035356752,3
2460,-7.575255223,-8.144075414,3
2461,-6.743980118,-3.467001243,3
2462,-6.961529769,-6.915958677,3
2463,-5.696801742,-7.868861486,3
2464,-6.598073177,-5.850964739,3
2465,-5.610315612,-6.05276155,3
2466,-1.781748312,-6.804446721,3
2467,-6.420402493,-7.070582465,3
2468,-6.080425062,-6.395488193,3
2469,-2.514534755,-8.4430326,3
2470,-6.432672358,-5.478842297,3
2471,-8.977239511,-8.600714879,3
2472,-10.90795988,-7.479089087,3
2473,-5.352516322,-3.905167937,3
2474,-8.786689899,-5.245090102,3
2475,-9.109693489,-3.305527152,3
2476,-9.27194295,-7.06841583,3
2477,-6.448051577,-8.778163257,3
2478,-6.560330771,-9.788329695,3
2479,-7.260492001,-6.721949094,3
2480,-5.804738811,-7.160004814,3
2481,-9.112327091,-3.286172191,3
2482,-7.042542794,-5.717120646,3
2483,-7.349023332,-7.29267704,3
2484,-7.265707869,-7.710657996,3
2485,-10.77347852,-5.17956642,3
2486,-6.126981381,-4.145953234,3
2487,0.291081717,-8.240560014,3
2488,-10.36167357,-5.599866457,3
2489,-7.181878816,-2.827088269,3
2490,-11.26733554,-7.435590396,3
2491,-5.735250674,-7.612973872,3
2492,-7.163243508,-7.578052054,3
2493,-3.801410362,-6.333859202,3
2494,-5.246237525,-5.112700342,3
2495,-9.089463783,-4.780678679,3
2496,-7.423740309,-6.791083177,3
2497,-7.636724585,-4.322045316,3
2498,-8.55545196,-2.067924362,3
2499,-3.485632123,-7.465694314,3
2500,-9.016521289,-2.122358881,3
2501,-7.732202675,-6.195795376,3
2502,-5.238713933,-6.410371065,3
2503,-5.575012138,-6.780976665,3
2504,-7.212148641,-3.670538781,3
2505,-4.191301082,-5.368520119,3
2506,-5.222206648,-6.431171334,3
2507,-8.391198421,-6.427494485,3
2508,-8.296505926,-5.617559412,3
2509,-6.883046156,-4.552971724,3
2510,-5.100965203,-4.974875165,3
2511,-8.21114547,-8.518256853,3
2512,-8.307529032,-5.982589284,3
2513,-6.21376566,-2.789400861,3
2514,-7.805099135,-6.272118572,3
2515,-6.837475044,-2.190355786,3
2516,-8.463231333,-4.565904652,3
2517,-8.229226945,-4.636385781,3
2518,-7.321625726,-6.373283397,3
2519,-8.921137326,-4.574471819,3
2520,-4.183160711,-8.061163757,3
2521,-4.454676331,-8.040611001,3
2522,-7.098343285,-8.960509168,3
2523,-8.788555457,-5.385948089,3
2524,-5.807217681,-7.59757076,3
2525,-7.31667945,-5.563703195,3
2526,-8.426703929,-6.667827764,3
2527,-7.426522171,-4.006271237,3
2528,-5.183360865,-1.575024285,3
2529,-8.267886798,-4.054023353,3
2530,-5.674362592,-7.540883768,3
2531,-4.675063258,-5.644980904,3
2532,-7.880410946,-6.406745277,3
2533,-9.969703562,-5.948461021,3
2534,-6.310161513,-7.799038621,3
2535,-4.10208493,-3.701038399,3
2536,-5.20814185,-6.340307164,3
2537,-11.06019333,-6.969969661,3
2538,-4.922384772,-3.495236507,3
2539,-9.662711671,-9.820395441,3
2540,-6.076247229,-8.096014382,3
2541,-8.943893229,-4.717121497,3
2542,-9.944293412,-5.618951612,3
2543,-7.184914237,-3.757878898,3
2544,-9.33686312,-7.373425077,3
2545,-12.24294703,-7.083350576,3
2546,-10.94316967,-4.009993014,3
2547,-9.054956037,-7.001913208,3
2548,-5.78773477,-4.426315381,3
2549,-4.008543725,-8.055039022,3
2550,-3.514098682,-4.976228963,3
2551,-6.33241257,-5.247027185,3
2552,-10.09727201,-5.853810765,3
2553,-9.172468124,-7.601002358,3
2554,-4.819607666,-7.224555016,3
2555,-7.719883609,-3.949968374,3
2556,-4.70625273,-6.243954078,3
2557,-9.899519562,-5.833339704,3
2558,-8.297522755,-6.072921114,3
2559,-5.092475869,-14.14951412,3
2560,-7.475539277,-1.366567033,3
2561,-5.177295276,-6.523242178,3
2562,-7.976800584,-7.843927992,3
2563,-5.685798198,-6.771114328,3
2564,-7.490948722,-7.324441009,3
2565,-9.037111095,-3.655291382,3
2566,-4.48753093,-4.655313845,3
2567,-7.151508803,-5.649679058,3
2568,-12.1866854,-4.176004367,3
2569,-11.16472428,-5.531675393,3
2570,-4.964133974,-6.046042689,3
2571,-6.267265637,-4.9869245,3
2572,-7.701266787,-5.340893148,3
2573,-10.93861542,-3.00501688,3
2574,-7.843104096,-7.107218053,3
2575,-8.874082624,-5.533630796,3
2576,-7.790868569,-7.140520466,3
2577,-7.783236427,-7.558460155,3
2578,-8.260961884,-2.882279268,3
2579,-8.063091245,-6.929113462,3
2580,-8.278415552,-6.443534967,3
2581,-8.943904419,-4.99321684,3
2582,-6.752538977,-6.384877733,3
2583,-9.034790948,-2.740392372,3
2584,-9.890793647,-8.887835087,3
2585,-8.074125789,-9.421368694,3
2586,-12.12415139,-8.054099938,3
2587,-5.252816965,-6.642356325,3
2588,-6.14742719,-8.878912221,3
2589,-9.954911515,-6.522174363,3
2590,-10.68849799,-6.256163765,3
2591,-4.907274585,-5.283803952,3
2592,-5.77551448,-8.814524049,3
2593,-10.25651344,-4.930073939,3
2594,-11.27954069,-6.126038137,3
2595,-5.190598681,-6.513550454,3
2596,-4.851212442,-6.579275599,3
2597,-8.35333228,-8.061444162,3
2598,-5.912163773,-6.686048917,3
2599,-4.838927226,-4.228016702,3
2600,-6.467946815,-5.144277986,3
2601,-13.27455793,-5.174597287,3
2602,-6.740091692,-4.775213066,3
2603,-7.084755169,-6.843578065,3
2604,-7.067399193,-5.344689692,3
2605,-11.6043516,-7.937328981,3
2606,-8.365106739,-6.028206843,3
2607,-6.081062257,-5.863437153,3
2608,-5.601219384,-6.686914669,3
2609,-6.327696102,-6.179940012,3
2610,-3.731792562,-9.796348474,3
2611,-10.55832499,-6.400324241,3
2612,-7.555850035,-9.188640566,3
2613,-4.741662558,-3.128565721,3
2614,-13.75940115,-6.410193027,3
2615,-6.721179115,-6.509889114,3
2616,-6.180860159,-5.637520314,3
2617,-7.039009091,-8.163567164,3
2618,-5.220388299,-7.242526581,3
2619,-8.726541414,-7.2572467,3
2620,-8.86568043,-5.118376432,3
2621,-2.61464188,-6.917784593,3
2622,-9.157651309,-5.661758086,3
2623,-9.507631457,-5.107903507,3
2624,-5.190318793,-3.451960967,3
2625,-7.141382124,-8.71442393,3
2626,-6.86097548,-6.297275806,3
2627,-5.266266363,-2.117885492,3
2628,-5.949626272,-4.925277587,3
2629,-5.647123563,-5.940994071,3
2630,-6.193032052,-6.393741785,3
2631,-7.140148187,-0.226898414,3
2632,-10.14446527,-6.758294399,3
2633,-8.151873918,-7.59297076,3
2634,-8.357553002,-6.513068987,3
2635,-5.304884887,-9.839192607,3
2636,-6.541784827,-7.673892775,3
2637,-9.88231068,-6.545348316,3
2638,-3.329366051,-8.3977785,3
2639,-5.886901353,-6.957849103,3
2640,-4.380982744,-4.328201916,3
2641,-8.072473462,-7.019911613,3
2642,-8.485113044,-6.811584827,3
2643,-5.262045629,-7.960454797,3
2644,-7.6531319,-4.799232057,3
2645,-6.886285799,-6.630449191,3
2646,-7.94115625,-5.103054392,3
2647,-9.804175118,-6.560310699,3
2648,-5.321782151,-3.11725332,3
2649,-5.067797901,-1.083987071,3
2650,-7.813103755,-7.608457809,3
2651,-8.137159973,-6.329746565,3
2652,-5.563481235,-2.759428006,3
2653,-7.212921848,-6.777361758,3
2654,-8.254015194,-7.819401013,3
2655,-10.81572757,-4.760691543,3
2656,-9.779094453,-2.683440292,3
2657,-9.569363884,-2.698072181,3
2658,-6.761600311,-5.275876294,3
2659,-12.45292407,-3.887553169,3
2660,-9.769505145,-6.539928549,3
2661,-7.13491943,-4.828690076,3
2662,-3.941400973,-7.247652883,3
2663,-5.932766978,-6.782208211,3
2664,-6.214943627,-4.319732592,3
2665,-6.773135176,-7.146226101,3
2666,-7.194403018,-5.126975439,3
2667,-6.03760033,-1.245782563,3
2668,-9.523601923,-5.409440725,3
2669,-9.376101212,-7.706026408,3
2670,-8.594092363,-5.088782222,3
2671,-5.830547626,-9.413177058,3
2672,-7.49198227,-9.64157568,3
2673,-5.895999837,-9.270569857,3
2674,-7.182943928,-5.66633887,3
2675,-7.938274355,-3.708803644,3
2676,-6.787066585,-7.576560132,3
2677,-7.085511639,-6.698882938,3
2678,-8.914917764,-6.051865294,3
2679,-7.11566998,-7.388637498,3
2680,-8.130488622,-7.924458251,3
2681,-9.749714171,-6.041368127,3
2682,-4.651605954,-8.093910467,3
2683,-10.22351523,-3.243955469,3
2684,-6.463851332,-5.950364159,3
2685,-7.456131337,-6.492688059,3
2686,-5.72414339,-5.059278116,3
2687,-5.996738363,-2.358616306,3
2688,-6.560703793,-9.254016448,3
2689,-7.387649582,-3.559820022,3
2690,-6.501472749,-8.312167315,3
2691,-8.28498711,-5.40806183,3
2692,-2.814308198,-4.63788957,3
2693,-8.737202419,-8.527160731,3
2694,-5.15417805,-4.847641048,3
2695,-7.406914027,-4.838478674,3
2696,-6.86335892,-6.102442835,3
2697,-5.30629447,-8.297129393,3
2698,-8.254577452,-2.830868067,3
2699,-5.547944881,-5.95333107,3
2700,-7.489251933,-6.755426776,3
2701,-9.995078752,-7.289756904,3
2702,-6.205881529,-3.793900362,3
2703,-8.992925378,-9.709757701,3
2704,-6.536185754,-8.989351387,3
2705,-5.965899223,-6.499707999,3
2706,-4.808207303,-4.330761688,3
2707,-12.77284503,-7.25845061,3
2708,-5.990179805,-5.811066256,3
2709,-7.271415297,-5.417891013,3
2710,-3.736977853,-2.326670639,3
2711,-8.867892263,-7.019726773,3
2712,-4.724507621,-5.708783722,3
2713,-9.42925353,-8.753226066,3
2714,-8.036147906,-7.075971139,3
2715,-9.371143757,-5.25024396,3
2716,-7.424198872,-4.218238915,3
2717,-5.528762693,-4.799970312,3
2718,-10.78665998,-3.539389202,3
2719,-6.739525578,-8.66928393,3
2720,-5.530900114,-11.50812195,3
2721,-4.351458654,-7.81215532,3
2722,-3.928734054,-9.1298917,3
2723,-7.951479525,-7.422794487,3
2724,-5.050273397,-5.884458708,3
2725,-8.019129837,-2.576313752,3
2726,-6.617922655,-8.650287758,3
2727,-7.903377589,-3.136041391,3
2728,-7.38828466,-5.318390119,3
2729,-7.007839093,-2.256766763,3
2730,-7.389267439,-5.5033599,3
2731,-5.673581704,-2.425847605,3
2732,-6.316443378,-6.898976701,3
2733,-7.370176685,-5.768018872,3
2734,-9.086877322,-6.880190462,3
2735,-7.386115587,-3.770043321,3
2736,-9.826885837,-6.276445338,3
2737,-10.61323398,-5.94929817,3
2738,-8.548316043,-6.105729509,3
2739,-9.287738429,-3.830183224,3
2740,-8.596662523,-5.615995972,3
2741,-7.191390086,-6.755528054,3
2742,-10.36407961,-4.929779001,3
2743,-4.221572174,-8.349632775,3
2744,-8.218420548,-6.639993357,3
2745,-7.442180645,-4.330011878,3
2746,-5.190739326,-6.963144108,3
2747,-6.067818826,-6.210853692,3
2748,-9.348085108,-6.15605085,3
2749,-6.93717126,-5.910871515,3
2750,-4.67264583,-3.615719257,3
2751,-7.893132022,-4.677723659,3
2752,-7.93800544,-4.503480457,3
2753,-5.6738907,-3.991841387,3
2754,-7.932945028,-9.368908084,3
2755,-11.77024128,-4.858544018,3
2756,-5.62015976,-9.378584377,3
2757,-2.216504558,-7.220121259,3
2758,-6.80679933,-2.866323087,3
2759,-6.535323853,-7.575244657,3
2760,-5.65484944,-5.772642464,3
2761,-2.762173995,-6.428102418,3
2762,-5.284367747,-3.632013915,3
2763,-9.073747793,-6.896079975,3
2764,-8.856273613,-9.269202671,3
2765,-8.77536091,-6.870191144,3
2766,-9.052977749,-4.257851133,3
2767,-5.263718396,-6.515921418,3
2768,-9.534248881,-5.702231063,3
2769,-6.124415592,-7.784035329,3
2770,-4.644909243,-4.180041552,3
2771,-7.571644211,-8.648593864,3
2772,-6.034019697,-9.35108959,3
2773,-6.354354031,-3.894472005,3
2774,-7.053298136,-7.600688639,3
2775,-6.109375732,-1.379282266,3
2776,-7.023463089,-4.521743952,3
2777,-4.701005441,-6.909141936,3
2778,-3.311192216,-5.436161057,3
2779,-3.571011727,-5.446806363,3
2780,-7.056467771,-1.64632339,3
2781,-5.173556049,-7.238925312,3
2782,-9.884306073,-4.375691339,3
2783,-9.289415864,-10.06940753,3
2784,-7.197900047,-5.648136651,3
2785,-3.452947543,-1.721987465,3
2786,-5.430744329,-2.225364581,3
2787,-5.920466992,-5.182838728,3
2788,-10.48041282,-4.829400284,3
2789,-2.21334081,-5.032857675,3
2790,-6.927886871,-4.771707988,3
2791,-6.394459247,-4.640152717,3
2792,-5.46188539,-3.652979356,3
2793,-5.588864289,-6.770935249,3
2794,-7.69879684,-3.015277801,3
2795,-8.71037674,-4.434850347,3
2796,-4.755522474,-4.481497876,3
2797,-6.776481176,-5.164212254,3
2798,-7.623337774,-4.750754708,3
2799,-4.353341528,-6.520041855,3
2800,-8.855111302,-5.149280689,3
2801,-4.765081444,-6.345774081,3
2802,-8.855944028,-6.338555543,3
2803,-10.29137762,-6.677679982,3
2804,-7.245216178,-4.796216989,3
2805,-4.40032543,-8.195636858,3
2806,-3.649114831,-7.722914049,3
2807,-2.280618448,-6.531701623,3
2808,-6.492450444,-9.142207001,3
2809,-9.451610183,-7.859472843,3
2810,-10.76427312,-6.670192042,3
2811,-3.585476717,-6.077569374,3
2812,-9.731377168,-4.855430599,3
2813,-9.169362598,-7.191187364,3
2814,-7.446343071,-6.753149254,3
2815,-8.291894201,-5.751641134,3
2816,-8.602076399,-9.881602526,3
2817,-8.483656919,-7.465798072,3
2818,-5.463656652,-9.168567337,3
2819,-6.299192128,-5.071576319,3
2820,-7.268054274,-10.78520824,3
2821,-2.99038595,-5.839664469,3
2822,-8.641216944,-6.022314648,3
2823,-5.362351614,-8.183079617,3
2824,-7.150004511,-7.07271929,3
2825,-7.213619378,-8.354638708,3
2826,-8.343965526,-2.209526738,3
2827,-6.167590034,-3.07752044,3
2828,-7.501908197,-5.413830776,3
2829,-9.080926633,-5.679087915,3
2830,-9.000769835,-4.86263381,3
2831,-9.911574574,-9.45811843,3
2832,-10.05435342,-6.785533447,3
2833,-8.417559037,-7.473341356,3
2834,-6.260063882,-7.613804454,3
2835,-7.530525505,-3.227039498,3
2836,-8.775519851,-8.666682293,3
2837,-4.485366455,-6.637609185,3
2838,-9.949173998,-5.488211505,3
2839,-6.846175265,-4.560972062,3
2840,-5.398040301,-9.337314244,3
2841,-6.487134597,-3.611270512,3
2842,-4.720990605,-2.230841905,3
2843,-7.117298234,-8.314755078,3
2844,-5.415948257,-7.651047253,3
2845,-6.8927975,-6.464291471,3
2846,-8.180294356,-10.52960727,3
2847,-4.161112875,-3.928378712,3
2848,-7.100049725,-8.09093222,3
2849,-6.953852568,-5.336708928,3
2850,-3.966443695,-3.986846896,3
2851,-8.064287371,-4.989067152,3
2852,-9.184710094,-4.466717964,3
2853,-7.590653009,-3.615523522,3
2854,-8.339912557,-5.163742083,3
2855,-6.109352642,-5.572142553,3
2856,-6.039978528,-6.946018695,3
2857,-8.787199128,-6.309269199,3
2858,-8.774270432,-7.912179792,3
2859,-6.053240629,-7.615344469,3
2860,-6.996659996,-7.632255619,3
2861,-9.19021627,-5.646880093,3
2862,-6.873110839,-5.982326196,3
2863,-7.309295847,-6.94108191,3
2864,-9.031612438,-10.29294599,3
2865,-6.355036077,-7.565160308,3
2866,-9.306334963,-8.879364761,3
2867,-7.393106,-4.411039791,3
2868,-4.165346993,-8.732276968,3
2869,-8.436755737,-7.982137301,3
2870,-8.41014838,-6.538156304,3
2871,-3.71609118,-4.796908695,3
2872,-7.120295684,-6.226568106,3
2873,-9.710117652,-6.851859913,3
2874,-4.62134999,-5.296783752,3
2875,-8.16090759,-7.276239942,3
2876,-7.152781488,-8.518446924,3
2877,-6.114699579,-5.623334187,3
2878,-6.915279451,-7.737286098,3
2879,-7.930788497,-4.871114503,3
2880,-4.057796834,-5.364507958,3
2881,-7.924214809,-4.09007735,3
2882,-10.8873454,-3.919270472,3
2883,-8.228248663,-1.590050407,3
2884,-5.798662459,-5.143271844,3
2885,-4.017678853,-6.222878463,3
2886,-6.391131709,-4.124315818,3
2887,-8.133647458,-1.666971561,3
2888,-6.180995516,-2.68989155,3
2889,-7.695373381,-6.640136609,3
2890,-7.055098348,-3.87233613,3
2891,-10.28825776,-6.448140413,3
2892,-6.596511364,-9.872395361,3
2893,-6.417592786,-6.461178512,3
2894,-4.011017152,-5.376033403,3
2895,-8.283551428,-8.412820834,3
2896,-6.683573725,-3.971642245,3
2897,-7.989651657,-6.468263203,3
2898,-3.36463126,-6.046258266,3
2899,-9.38964586,-4.445524721,3
2900,-10.5767978,-3.590696688,3
2901,-6.976212624,-9.176627243,3
2902,-7.402371842,-2.449357716,3
2903,-8.112036367,-6.453005243,3
2904,-7.807677096,-5.762961614,3
2905,-6.610091378,-5.712588828,3
2906,-6.989994154,-6.598796791,3
2907,-7.680740489,-6.726118851,3
2908,-6.845050578,-5.332586823,3
2909,-5.2139266,-4.748461546,3
2910,-7.877964113,-7.409185122,3
2911,-5.531175249,-8.199410275,3
2912,-4.724605361,-7.639556449,3
2913,-8.535452454,-6.872878617,3
2914,-4.985056116,-4.376519312,3
2915,-6.693931487,-8.167211755,3
2916,-9.555222281,-6.998302638,3
2917,-1.249719965,-4.376306492,3
2918,-5.522134904,-4.367859387,3
2919,-6.166797571,-9.316954811,3
2920,-9.64611164,-9.047191452,3
2921,-5.866016871,-4.945330465,3
2922,-8.398932493,-7.618181805,3
2923,-8.702428258,-8.875528642,3
2924,-8.271294266,-8.749588456,3
2925,-9.182347736,-5.466601132,3
2926,-7.975958901,-7.47109353,3
2927,-6.935889318,-8.074643596,3
2928,-4.737577789,-6.854597106,3
2929,-8.203005707,-3.869180135,3
2930,-6.199821422,-2.674395191,3
2931,-6.848352359,-5.085482198,3
2932,-10.42282512,-6.212258716,3
2933,-5.518937604,-7.676643244,3
2934,-7.45442275,-9.765445509,3
2935,-8.663899791,-10.66678693,3
2936,-7.91613237,-4.595038298,3
2937,-5.212288522,-5.770475518,3
2938,-4.684017102,-5.770442203,3
2939,-4.590901549,-1.090012987,3
2940,-1.398354239,-6.645834794,3
2941,-4.83456051,-7.819776562,3
2942,-7.266247003,-2.815028335,3
2943,-7.940088933,-7.269029617,3
2944,-8.483018517,-8.079017319,3
2945,-7.010898124,-3.549304683,3
2946,-4.433815092,-4.855910504,3
2947,-7.987468684,-5.602962392,3
2948,-6.754909491,-6.550810717,3
2949,-8.252717469,-4.881628697,3
2950,-10.03063209,-4.056811858,3
2951,-9.731144854,-8.601292301,3
2952,-6.410863944,-5.817693179,3
2953,-4.635639503,-8.182650771,3
2954,-4.07735934,-7.463356437,3
2955,-6.123561681,-4.842665608,3
2956,-7.000210483,-7.651532582,3
2957,-6.49931965,-1.749764391,3
2958,-6.964484727,-6.006112896,3
2959,-6.185020573,-2.525990747,3
2960,-9.111360446,-4.789938596,3
2961,-8.562983698,-5.549163244,3
2962,-6.631413967,-7.77578787,3
2963,-7.672684712,-6.532037512,3
2964,-10.78331992,-7.246169728,3
2965,-7.349636235,-6.376472926,3
2966,-8.352276675,-9.280108554,3
2967,-7.04124389,-7.320556095,3
2968,-8.373280238,-6.959508287,3
2969,-8.084131265,-6.075797386,3
2970,-4.954530704,-4.681579883,3
2971,-7.72449987,-3.533712593,3
2972,-8.642343919,-7.68971187,3
2973,-8.780606346,-5.424076827,3
2974,-7.322840071,-4.483574028,3
2975,-7.726691515,-4.845172867,3
2976,-5.672028144,-6.301458133,3
2977,-7.748570108,-2.214926079,3
2978,-5.496418408,-5.937718034,3
2979,-3.616778286,-3.886259747,3
2980,-9.117530853,-7.382485395,3
2981,-6.325448678,-4.287755562,3
2982,-4.766820329,-3.319636507,3
2983,-12.37720272,-6.500101936,3
2984,-9.649046516,-3.423041779,3
2985,-5.853632198,-3.088902756,3
2986,-5.018405778,-8.360460015,3
2987,-5.667540931,-5.319963563,3
2988,-7.817468501,-3.156347769,3
2989,-8.543861923,-6.587545818,3
2990,-11.5072201,-4.557616933,3
2991,-9.207016766,-3.646461951,3
2992,-7.44818524,-5.661290885,3
2993,-1.12689055,-6.20789556,3
2994,-6.88259897,-4.43034646,3
2995,-7.744683791,-7.140171757,3
2996,-2.925054322,-6.442195453,3
2997,-5.669385457,-6.417098806,3
2998,-6.323963263,-5.908029327,3
2999,-8.871550657,-5.594503922,3
3000,-7.023766747,-3.67231512,3
